"_created_at"	_id	_updated_at	device	tag_count	text	trip_count
2017-08-14T10:27:27.964Z	RDmXy8fj20	2017-08-14T10:27:38.944Z	abc123		tag	1
2017-08-14T10:27:52.342Z	oWnM8aNnZH	2017-08-14T19:15:24.138Z	abc123	1	tag1	1
2017-10-17T16:25:57.206Z	uGxfSQanhU	2017-10-17T16:25:57.206Z	9735960789aa8b49	1	Quick	1
2017-10-17T16:25:57.414Z	cYVq8a3Tez	2017-10-17T16:25:57.414Z	9735960789aa8b49	2	Moderated	1
2017-10-18T09:14:42.440Z	p6ThLSJhXl	2017-10-18T09:14:42.440Z	14a96735022e788e	1	Sin Conexión	1
2017-10-18T09:14:42.684Z	eo5wlEkTsT	2017-10-18T09:14:42.684Z	14a96735022e788e	2	Concurrido	1
2017-10-18T09:14:43.063Z	yB0W9aakFe	2017-10-18T09:14:43.063Z	14a96735022e788e	3	Veloz	1
2017-10-18T09:51:58.247Z	67FTP5K2dI	2017-10-18T09:51:58.247Z	756256df825745c	1	Suficiente	4
2017-10-18T09:51:58.482Z	YMKM8bqIYI	2017-10-18T09:51:58.482Z	756256df825745c	2	Suave	4
2017-10-18T09:51:58.706Z	nVAkWOFfTa	2017-10-18T09:51:58.706Z	756256df825745c	3	Moderado	4
2017-10-18T09:52:51.472Z	UjbZDWdzqy	2017-10-18T09:52:51.472Z	14a96735022e788e	4	Eficiente	2
2017-10-18T09:52:51.692Z	7SbvpBRqAn	2017-10-18T09:52:51.692Z	14a96735022e788e	5	Rápido	2
2017-10-18T09:52:51.872Z	FYXHAkouDA	2017-10-18T09:52:51.872Z	14a96735022e788e	6	Confiable	2
2017-10-19T06:41:22.916Z	A2ax3keb0h	2017-10-19T06:41:22.916Z	e9d8d40f54eb35e6	1	Normal	3
2017-10-19T06:41:23.090Z	ps1NKVoO5q	2017-10-19T06:41:23.090Z	e9d8d40f54eb35e6	2	Confiable	3
2017-10-19T08:12:35.156Z	74C2UWrRBf	2017-10-19T08:12:35.156Z	43719b7c983f3578	20	Worthy	5
2017-10-19T08:12:35.345Z	NwytnbbNu8	2017-10-19T08:12:35.345Z	43719b7c983f3578	21	Fast	5
2017-10-19T10:39:01.956Z	ETjYDRbLTy	2017-10-19T10:39:01.956Z	e9d8d40f54eb35e6	3	Adecuado	4
2017-10-19T10:39:02.123Z	6tUI5ZjrS1	2017-10-19T10:39:02.123Z	e9d8d40f54eb35e6	4	Moderado	4
2017-10-19T13:10:38.324Z	FxZ23jeCL5	2017-10-19T13:10:38.324Z	11adcf0f63a00175	1	Promedio	3
2017-10-19T13:10:38.605Z	mF9Akfkwhx	2017-10-19T13:10:38.605Z	11adcf0f63a00175	2	Seguro	3
2017-10-19T13:10:38.835Z	Hl11jBkmHA	2017-10-19T13:10:38.835Z	11adcf0f63a00175	3	Veloz	3
2017-10-19T13:51:40.680Z	8Ge0xZihzw	2017-10-19T13:51:40.680Z	eebc72933a714498	1	Peligroso	3
2017-10-19T15:03:46.933Z	VHDiPiegSV	2017-10-19T15:03:46.933Z	e9d8d40f54eb35e6	5	Concurrido	8
2017-10-19T15:03:47.074Z	0PIBLnIRn5	2017-10-19T15:03:47.074Z	e9d8d40f54eb35e6	6	Lento	8
2017-10-20T08:05:05.617Z	CtgUWQQHEN	2017-10-20T08:05:05.617Z	eebc72933a714498	1	Inspirador	6
2017-10-20T14:05:10.199Z	WrCbZpSnXT	2017-10-20T14:05:10.199Z	eebc72933a714498	1	Relajado	7
2017-10-20T17:03:27.133Z	ruqg7Qt9r2	2017-10-20T17:03:27.133Z	948c5a19e0e77b8f	1	Relaxed	3
2017-10-20T17:38:14.574Z	HVpSGB6ek2	2017-10-20T17:38:14.574Z	948c5a19e0e77b8f	1	Moderated	4
2017-10-20T22:19:53.823Z	KYUXm5Ruuu	2017-10-20T22:19:53.823Z	1c64e79ce9eea54d	1	Moderado	2
2017-10-21T12:12:12.616Z	y289qX9dN5	2017-10-21T12:12:12.616Z	1c64e79ce9eea54d	1	Suave	3
2017-10-21T12:12:12.906Z	IC22FKYLNm	2017-10-21T12:12:12.906Z	1c64e79ce9eea54d	2	Moderado	3
2017-10-22T08:45:59.188Z	t7UZn2QVeC	2017-10-22T08:45:59.188Z	948c5a19e0e77b8f	1	Moderated	5
2017-10-22T08:51:45.202Z	eY73izE5DS	2017-10-22T08:51:45.202Z	948c5a19e0e77b8f	1	Fast	6
2017-10-23T07:54:04.979Z	f6TYgtqKKo	2017-10-23T07:54:04.979Z	eebc72933a714498	1	Veloz	8
2017-10-23T09:30:54.378Z	tEQELzAmxa	2017-10-23T09:30:54.378Z	1c64e79ce9eea54d	3	Moderado	5
2017-10-23T10:26:30.797Z	0pHTdKQaAE	2017-10-23T10:26:30.797Z	43719b7c983f3578	20	Worthy	6
2017-10-23T10:26:31.001Z	waOaS93ANp	2017-10-23T10:26:31.001Z	43719b7c983f3578	21	Slow-moving	6
2017-10-23T10:28:21.891Z	9FaHBprscn	2017-10-23T10:28:21.891Z	1c64e79ce9eea54d	4	Concurrido	6
2017-10-23T10:28:22.082Z	KeB7kNeQFM	2017-10-23T10:28:22.082Z	1c64e79ce9eea54d	5	Relajado	6
2017-10-23T16:46:39.222Z	I0LSgj7qdJ	2017-10-23T16:46:39.222Z	ec76a95722e80e30	1	Suficient	3
2017-10-23T16:46:39.369Z	Mxs1GOmfGg	2017-10-23T16:46:39.369Z	ec76a95722e80e30	2	Normal	3
2017-10-23T16:46:39.565Z	5McWKEJGoJ	2017-10-23T16:46:39.565Z	ec76a95722e80e30	3	Moderat	3
2017-10-23T17:33:55.625Z	QGDLDPkEm0	2017-10-23T17:33:55.625Z	14a96735022e788e	7	Relajado	5
2017-10-23T18:52:26.193Z	G6S4Sfl2CW	2017-10-23T18:52:26.193Z	ec76a95722e80e30	4	Suficient	4
2017-10-23T18:52:26.337Z	kzK65q8mhG	2017-10-23T18:52:26.337Z	ec76a95722e80e30	5	Normal	4
2017-10-23T18:52:26.485Z	cMbOaooMFZ	2017-10-23T18:52:26.485Z	ec76a95722e80e30	6	Moderat	4
2017-10-23T21:51:07.214Z	H2Z937fnAL	2017-10-23T21:51:07.214Z	948c5a19e0e77b8f	1	Relaxed	7
2017-10-24T13:07:55.580Z	3lCzbZ4OfF	2017-10-24T13:07:55.580Z	11adcf0f63a00175	4	Eficiente	11
2017-10-24T13:07:56.345Z	LvsB9UDC9E	2017-10-24T13:07:56.345Z	11adcf0f63a00175	5	Seguro	11
2017-10-24T13:07:56.504Z	xEMGCvKYx1	2017-10-24T13:07:56.504Z	11adcf0f63a00175	6	Veloz	11
2017-10-25T07:21:22.643Z	rzwWAiQQo8	2017-10-25T07:21:22.643Z	1c64e79ce9eea54d	6	Moderado	7
2017-10-25T10:27:50.787Z	4a44yLxuxJ	2017-10-25T10:27:50.787Z	1c64e79ce9eea54d	7	Veloz	8
2017-10-25T11:26:48.228Z	X9JZTKbvup	2017-10-25T11:26:48.228Z	1c64e79ce9eea54d	8	Concurrido	9
2017-10-25T11:26:48.386Z	1skgDdCOCM	2017-10-25T11:26:48.386Z	1c64e79ce9eea54d	9	Moderado	9
2017-10-25T13:13:16.330Z	Ofsgkp5ER5	2017-10-25T13:13:16.330Z	c1c0f391b310b51d	1	Ágil	7
2017-10-25T13:13:16.529Z	dmTb2XS0S9	2017-10-25T13:13:16.529Z	c1c0f391b310b51d	2	Adecuado	7
2017-10-25T13:13:16.710Z	WvGRwAVenb	2017-10-25T13:13:16.710Z	c1c0f391b310b51d	3	Moderado	7
2017-10-25T13:26:02.346Z	ncEDVAu31M	2017-10-25T13:26:02.346Z	11adcf0f63a00175	7	Seguro	12
2017-10-25T13:26:03.275Z	9ZMPDooch6	2017-10-25T13:26:03.275Z	11adcf0f63a00175	8	Veloz	12
2017-10-25T15:55:40.047Z	SZyUBB3gfh	2017-10-25T15:55:40.047Z	14a96735022e788e	8	Prolongado	6
2017-10-25T15:55:40.255Z	jW0u4VXjmc	2017-10-25T15:55:40.255Z	14a96735022e788e	9	Adecuado	6
2017-10-25T15:55:40.397Z	7LK0WZ4CKq	2017-10-25T15:55:40.397Z	14a96735022e788e	10	Inspirador	6
2017-10-25T15:59:35.172Z	qPVOvntE8B	2017-10-25T15:59:35.172Z	43719b7c983f3578	22	Speedy	8
2017-10-25T15:59:35.354Z	qoJm0pVJpT	2017-10-25T15:59:35.354Z	43719b7c983f3578	23	Light	8
2017-10-25T15:59:35.532Z	wuIxq4rSMk	2017-10-25T15:59:35.532Z	43719b7c983f3578	24	Fast	8
2017-10-25T16:50:14.922Z	24UFEBKCIE	2017-10-25T16:50:14.922Z	ec76a95722e80e30	7	Promedio	5
2017-10-25T16:50:15.212Z	PGrHzsAYFM	2017-10-25T16:50:15.212Z	ec76a95722e80e30	8	Retardat	5
2017-10-25T16:50:15.553Z	hd7hIOlMui	2017-10-25T16:50:15.553Z	ec76a95722e80e30	9	Veloç	5
2017-10-25T17:10:14.070Z	yi7YYm6G4H	2017-10-25T17:10:14.070Z	c1c0f391b310b51d	4	Ágil	8
2017-10-25T17:10:14.319Z	uWPBnqQPXZ	2017-10-25T17:10:14.319Z	c1c0f391b310b51d	5	Adecuado	8
2017-10-25T17:10:14.605Z	g7EquCAcFN	2017-10-25T17:10:14.605Z	c1c0f391b310b51d	6	Moderado	8
2017-10-26T05:36:32.674Z	nzqevKq7ns	2017-10-26T05:36:32.674Z	11adcf0f63a00175	9	Seguro	13
2017-10-26T05:36:32.795Z	bkAkv8OTXA	2017-10-26T05:36:32.795Z	11adcf0f63a00175	10	Veloz	13
2017-10-26T06:52:59.683Z	V67ik9Kmma	2017-10-26T06:52:59.683Z	e9d8d40f54eb35e6	7	Veloz	18
2017-10-26T08:37:27.163Z	Dtww6mmheY	2017-10-26T08:37:27.163Z	11adcf0f63a00175	11	Concurrido	14
2017-10-26T08:37:27.291Z	FqeGEDx6WE	2017-10-26T08:37:27.291Z	11adcf0f63a00175	12	Veloz	14
2017-10-26T08:39:05.834Z	SG4NWW2wA7	2017-10-26T08:39:05.834Z	756256df825745c	4	Suficiente	10
2017-10-26T08:39:06.074Z	bVwwRYFDhp	2017-10-26T08:39:06.074Z	756256df825745c	5	Normal	10
2017-10-26T08:39:06.294Z	YKuauY8lnc	2017-10-26T08:39:06.294Z	756256df825745c	6	Lento	10
2017-10-26T08:40:01.370Z	y4RnC8RMYG	2017-10-26T08:40:01.370Z	14a96735022e788e	8	Moderado	7
2017-10-26T08:53:31.127Z	TLpKu2MVHn	2017-10-26T08:53:31.127Z	43719b7c983f3578	25	Speedy	9
2017-10-26T08:53:42.526Z	biSCcHm6Ck	2017-10-26T08:53:42.526Z	43719b7c983f3578	26	Light	9
2017-10-26T08:53:43.737Z	i8O5cPx58x	2017-10-26T08:53:43.737Z	43719b7c983f3578	27	Fast	9
2017-10-26T09:46:41.031Z	3gnkrtb6Ns	2017-10-26T09:46:41.031Z	14a96735022e788e	9	Relajado	8
2017-10-26T09:47:57.024Z	ttiSo7Wtoe	2017-10-26T09:47:57.024Z	756256df825745c	7	Ágil	11
2017-10-26T09:47:57.224Z	AbLBb2UeHg	2017-10-26T09:47:57.224Z	756256df825745c	8	Normal	11
2017-10-26T09:47:57.444Z	jjnit1GTZx	2017-10-26T09:47:57.444Z	756256df825745c	9	Moderado	11
2017-10-26T09:53:13.204Z	49iFZ13ZNE	2017-10-26T09:53:13.204Z	756256df825745c	10	Ágil	12
2017-10-26T09:53:13.404Z	o7iv5eQEng	2017-10-26T09:53:13.404Z	756256df825745c	11	Normal	12
2017-10-26T09:53:13.624Z	nWA8sfAAIF	2017-10-26T09:53:13.624Z	756256df825745c	12	Moderado	12
2017-10-26T10:10:44.883Z	OCp0Hx3d9j	2017-10-26T10:10:44.883Z	11adcf0f63a00175	13	Concurrido	16
2017-10-26T10:10:45.228Z	8iaA4uZEbY	2017-10-26T10:10:45.228Z	11adcf0f63a00175	14	Veloz	16
2017-10-26T16:29:09.048Z	LJV0a70cWn	2017-10-26T16:29:09.048Z	9a83167b352fa914	1	Eficiente	3
2017-10-26T16:29:09.204Z	oGFbAjfmo8	2017-10-26T16:29:09.204Z	9a83167b352fa914	2	Rápido	3
2017-10-26T16:29:09.372Z	VSYjj6itmD	2017-10-26T16:29:09.372Z	9a83167b352fa914	3	Confiable	3
2017-10-26T19:06:08.396Z	RWxk0HFTnf	2017-10-26T19:06:08.396Z	9a83167b352fa914	4	Moderado	4
2017-10-26T19:56:13.941Z	Ea55eHmfuW	2017-10-26T19:56:13.941Z	11adcf0f63a00175	15	Seguro	17
2017-10-26T19:56:14.097Z	FGYGqEAfqA	2017-10-26T19:56:14.097Z	11adcf0f63a00175	16	Veloz	17
2017-10-27T05:44:55.422Z	NBZI244C38	2017-10-27T05:44:55.422Z	11adcf0f63a00175	17	Seguro	18
2017-10-27T05:44:55.543Z	1NB3NHXYt9	2017-10-27T05:44:55.543Z	11adcf0f63a00175	18	Veloz	18
2017-10-27T07:18:36.920Z	uDr3yDSbba	2017-10-27T07:18:36.920Z	948c5a19e0e77b8f	1	Dangerous	8
2017-10-27T07:31:05.744Z	CGdbcjtm3u	2017-10-27T07:31:05.744Z	948c5a19e0e77b8f	1	Moderated	9
2017-10-27T10:30:26.008Z	NMDQ0SZYDs	2017-10-27T10:30:26.008Z	948c5a19e0e77b8f	1	Relaxed	10
2017-10-27T13:09:47.089Z	rdmANSg2Nc	2017-10-27T13:09:47.089Z	11adcf0f63a00175	19	Seguro	19
2017-10-27T13:09:47.269Z	FSZ6cb4r7q	2017-10-27T13:09:47.269Z	11adcf0f63a00175	20	Veloz	19
2017-10-27T14:20:05.033Z	j19qjf6ieD	2017-10-27T14:20:05.033Z	9a83167b352fa914	5	Eficiente	5
2017-10-27T14:20:05.135Z	rSukXHZ4T6	2017-10-27T14:20:05.135Z	9a83167b352fa914	6	Seguro	5
2017-10-27T14:20:05.265Z	8F6PTpKiC8	2017-10-27T14:20:05.265Z	9a83167b352fa914	7	Veloz	5
2017-10-27T15:19:59.634Z	SBLrffwrO1	2017-10-27T15:19:59.634Z	948c5a19e0e77b8f	1	Relaxed	11
2017-10-27T15:38:19.484Z	xid2uys2MA	2017-10-27T15:38:19.484Z	948c5a19e0e77b8f	1	Moderated	11
2017-10-27T16:35:59.244Z	4OCgmS50tq	2017-10-27T16:35:59.244Z	11adcf0f63a00175	21	Arriesgado	20
2017-10-27T16:35:59.444Z	uBpfl9os0O	2017-10-27T16:35:59.444Z	11adcf0f63a00175	22	Inspirador	20
2017-10-27T18:28:36.307Z	mLUwY2cH5K	2017-10-27T18:28:36.307Z	f0304bf6db9bacfb	1	Veloz	1
2017-10-27T23:50:40.916Z	KULmIoR7fo	2017-10-27T23:50:40.916Z	9a83167b352fa914	8	Adecuado	6
2017-10-27T23:50:41.080Z	9pkfk6U76h	2017-10-27T23:50:41.080Z	9a83167b352fa914	9	Veloz	6
2017-10-28T13:16:03.092Z	N0AHVWVYe4	2017-10-28T13:16:03.092Z	c1c0f391b310b51d	7	Ágil	10
2017-10-28T13:16:03.320Z	fbB44ZekxF	2017-10-28T13:16:03.320Z	c1c0f391b310b51d	8	Rápido	10
2017-10-28T13:16:03.501Z	Auecj6nGBf	2017-10-28T13:16:03.501Z	c1c0f391b310b51d	9	Moderado	10
2017-10-28T14:12:05.970Z	91XWpCpbuv	2017-10-28T14:12:05.970Z	f3d5cdaad6acb5dc	1	Ágil	3
2017-10-28T14:12:06.131Z	QgmYYp37wN	2017-10-28T14:12:06.131Z	f3d5cdaad6acb5dc	2	Seguro	3
2017-10-28T14:12:06.319Z	7cLMELlJKH	2017-10-28T14:12:06.319Z	f3d5cdaad6acb5dc	3	Moderado	3
2017-10-28T18:40:29.871Z	MBI1xH8EVG	2017-10-28T18:40:29.871Z	5ed0527e1fa659da	1	Disconnected	2
2017-10-28T18:40:30.091Z	VBQsSzMycE	2017-10-28T18:40:30.091Z	5ed0527e1fa659da	2	crowded	2
2017-10-28T18:40:30.304Z	JzUuDO7o4D	2017-10-28T18:40:30.304Z	5ed0527e1fa659da	3	Moderated	2
2017-10-29T09:55:14.991Z	XzWOVu8Ayz	2017-10-29T09:55:14.991Z	ec76a95722e80e30	10	Àgil	6
2017-10-29T09:55:15.178Z	9ndLomcG1h	2017-10-29T09:55:15.178Z	ec76a95722e80e30	11	Normal	6
2017-10-29T09:55:15.350Z	grsEUqoAiH	2017-10-29T09:55:15.350Z	ec76a95722e80e30	12	Veloç	6
2017-10-29T10:22:30.663Z	Qf9iCw9vrT	2017-10-29T10:22:30.663Z	c1c0f391b310b51d	10	Aburrido	13
2017-10-29T11:00:55.625Z	J9lIAA5anD	2017-10-29T11:00:55.625Z	11adcf0f63a00175	23	Arriesgado	21
2017-10-29T11:00:56.175Z	VtSLDBbi0s	2017-10-29T11:00:56.175Z	11adcf0f63a00175	24	Inspirador	21
2017-10-29T12:24:51.105Z	hzxkUpgCti	2017-10-29T12:24:51.105Z	f3d5cdaad6acb5dc	4	Suficiente	5
2017-10-29T12:24:51.265Z	tXzRh7Kayh	2017-10-29T12:24:51.265Z	f3d5cdaad6acb5dc	5	Suave	5
2017-10-29T12:24:51.425Z	bq0Ze5PyW4	2017-10-29T12:24:51.425Z	f3d5cdaad6acb5dc	6	Lento	5
2017-10-29T16:17:19.793Z	YpcFC4u13d	2017-10-29T16:17:19.793Z	f3d5cdaad6acb5dc	7	Promedio	6
2017-10-29T16:17:19.925Z	UHwUOENEY3	2017-10-29T16:17:19.925Z	f3d5cdaad6acb5dc	8	Suave	6
2017-10-29T16:17:20.049Z	dTHOww8dLl	2017-10-29T16:17:20.049Z	f3d5cdaad6acb5dc	9	Relajado	6
2017-10-30T06:22:14.472Z	hTHtSr9BH3	2017-10-30T06:22:14.472Z	11adcf0f63a00175	25	Seguro	22
2017-10-30T06:22:14.672Z	RUqfQ2agvG	2017-10-30T06:22:14.672Z	11adcf0f63a00175	26	Veloz	22
2017-10-30T07:24:15.647Z	Yu7XOfxIfe	2017-10-30T07:24:15.647Z	f0304bf6db9bacfb	1	Relajado	2
2017-10-30T07:48:32.307Z	MhWffBtGIO	2017-10-30T07:48:32.307Z	e9d8d40f54eb35e6	8	Confiable	28
2017-10-30T14:13:15.866Z	mZHVQQfiAl	2017-10-30T14:13:15.866Z	11adcf0f63a00175	27	Seguro	24
2017-10-30T14:13:16.034Z	qYNuux65Y3	2017-10-30T14:13:16.034Z	11adcf0f63a00175	28	Veloz	24
2017-10-31T07:54:23.691Z	lPjRCWqF1d	2017-10-31T07:54:23.691Z	756256df825745c	13	Moderado	14
2017-10-31T07:55:01.709Z	VAcZf1T7rQ	2017-10-31T07:55:01.709Z	756256df825745c	14	Suficiente	15
2017-10-31T07:55:01.911Z	LMaDwYcv7s	2017-10-31T07:55:01.911Z	756256df825745c	15	Normal	15
2017-10-31T07:55:02.159Z	4tgDfAAxxG	2017-10-31T07:55:02.159Z	756256df825745c	16	Moderado	15
2017-10-31T08:55:04.748Z	WGRHdgEe5y	2017-10-31T08:55:04.748Z	9a83167b352fa914	10	Eficiente	9
2017-10-31T08:55:04.889Z	wQn9rkdf4u	2017-10-31T08:55:04.889Z	9a83167b352fa914	11	Adecuado	9
2017-10-31T08:55:05.033Z	nxXhBLWPhf	2017-10-31T08:55:05.033Z	9a83167b352fa914	12	Relajado	9
2017-10-31T10:23:41.085Z	iH9zyOTo4u	2017-10-31T10:23:41.085Z	756256df825745c	17	Suficiente	16
2017-10-31T10:23:41.315Z	I0giVKcGg1	2017-10-31T10:23:41.315Z	756256df825745c	18	Suave	16
2017-10-31T10:23:41.567Z	v0CZ3T5iHH	2017-10-31T10:23:41.567Z	756256df825745c	19	Lento	16
2017-10-31T11:58:32.834Z	t5bmeAorJG	2017-10-31T11:58:32.834Z	756256df825745c	20	Escabroso	17
2017-10-31T11:58:33.035Z	wzdrn51wYT	2017-10-31T11:58:33.035Z	756256df825745c	21	Adecuado	17
2017-10-31T11:58:33.264Z	ywl9PLq0LY	2017-10-31T11:58:33.264Z	756256df825745c	22	Veloz	17
2017-10-31T12:50:38.700Z	HtIJtgRpLB	2017-10-31T12:50:38.700Z	c7aeb36dcbf38252	1	Normal	4
2017-10-31T12:50:38.899Z	4cpNwaDkLO	2017-10-31T12:50:38.899Z	c7aeb36dcbf38252	2	Relajado	4
2017-10-31T13:50:49.635Z	dx7gPfCjHx	2017-10-31T13:50:49.635Z	11adcf0f63a00175	29	Seguro	25
2017-10-31T13:50:50.979Z	5VOKLHtqsF	2017-10-31T13:50:50.979Z	11adcf0f63a00175	30	Veloz	25
2017-10-31T13:51:12.731Z	wTdinZAntR	2017-10-31T13:51:12.731Z	11adcf0f63a00175	31	Seguro	26
2017-10-31T13:51:12.902Z	8i1DSQsl20	2017-10-31T13:51:12.902Z	11adcf0f63a00175	32	Veloz	26
2017-10-31T18:09:07.900Z	7oqnLEA7k3	2017-10-31T18:09:07.900Z	9a83167b352fa914	13	Suficiente	10
2017-10-31T18:09:08.158Z	81llon8hKU	2017-10-31T18:09:08.158Z	9a83167b352fa914	14	Normal	10
2017-10-31T18:09:08.348Z	d21h4LZyjn	2017-10-31T18:09:08.348Z	9a83167b352fa914	15	Veloz	10
2017-10-31T21:12:38.164Z	l1VbWZxXSD	2017-10-31T21:12:38.164Z	756256df825745c	23	Ágil	18
2017-10-31T21:12:38.352Z	5rF9DDPG4K	2017-10-31T21:12:38.352Z	756256df825745c	24	Rápido	18
2017-10-31T21:12:38.566Z	wlNnlacu5E	2017-10-31T21:12:38.566Z	756256df825745c	25	Veloz	18
2017-11-01T10:57:52.316Z	pv0191d8hl	2017-11-01T10:57:52.316Z	75df4d7f5d07f886	1	Confiable	2
2017-11-01T12:15:56.482Z	L9hTM2yXFz	2017-11-01T12:15:56.482Z	c1c0f391b310b51d	11	Suficiente	17
2017-11-01T12:15:56.742Z	v6H96WLmKH	2017-11-01T12:15:56.742Z	c1c0f391b310b51d	12	Suave	17
2017-11-01T12:15:56.922Z	md7rGCbNyu	2017-11-01T12:15:56.922Z	c1c0f391b310b51d	13	Inspirador	17
2017-11-02T07:43:11.016Z	QsYHApjFqE	2017-11-02T07:43:11.016Z	948c5a19e0e77b8f	1	Slow-moving	13
2017-11-02T10:25:48.804Z	G8fIPpJFgp	2017-11-02T10:25:48.804Z	756256df825745c	26	Ágil	20
2017-11-02T10:25:48.935Z	mHiw0mzqIj	2017-11-02T10:25:48.935Z	756256df825745c	27	Rápido	20
2017-11-02T10:25:49.074Z	6FQmQ3M4Bf	2017-11-02T10:25:49.074Z	756256df825745c	28	Veloz	20
2017-11-02T12:00:11.641Z	01qvttGc3U	2017-11-02T12:00:11.641Z	756256df825745c	29	Escabroso	21
2017-11-02T12:00:11.861Z	ABXA0lLpXC	2017-11-02T12:00:11.861Z	756256df825745c	30	Rápido	21
2017-11-02T12:00:12.112Z	zYNKsGRedF	2017-11-02T12:00:12.112Z	756256df825745c	31	Veloz	21
2017-11-02T14:17:25.881Z	MDF67eYpiv	2017-11-02T14:17:25.881Z	11adcf0f63a00175	33	Seguro	28
2017-11-02T14:17:26.171Z	dSmCMTCNII	2017-11-02T14:17:26.171Z	11adcf0f63a00175	34	Veloz	28
2017-11-02T14:18:16.379Z	Erj6hn7mx5	2017-11-02T14:18:16.379Z	11adcf0f63a00175	35	Seguro	29
2017-11-02T14:18:16.528Z	pHM7FMUxbF	2017-11-02T14:18:16.528Z	11adcf0f63a00175	36	Veloz	29
2017-11-02T17:45:54.145Z	1hloYtP3b5	2017-11-02T17:45:54.145Z	f3d5cdaad6acb5dc	10	Ágil	7
2017-11-02T17:45:54.296Z	RXrogZycZJ	2017-11-02T17:45:54.296Z	f3d5cdaad6acb5dc	11	Normal	7
2017-11-02T17:45:54.436Z	SntlnpInVd	2017-11-02T17:45:54.436Z	f3d5cdaad6acb5dc	12	Inspirador	7
2017-11-02T18:50:04.600Z	nBXJGIDeoe	2017-11-02T18:50:04.600Z	948c5a19e0e77b8f	1	Fast	14
2017-11-02T21:05:37.657Z	rvKfT4IOGr	2017-11-02T21:05:37.657Z	756256df825745c	32	Ágil	22
2017-11-02T21:05:38.017Z	ymwzLXAEvI	2017-11-02T21:05:38.017Z	756256df825745c	33	Normal	22
2017-11-02T21:05:38.286Z	5ezVClrbEZ	2017-11-02T21:05:38.286Z	756256df825745c	34	Veloz	22
2017-11-03T08:47:01.886Z	vg4RlYaQFP	2017-11-03T08:47:01.886Z	9a83167b352fa914	16	Veloz	13
2017-11-04T11:46:27.834Z	RBQTCu7sPZ	2017-11-04T11:46:27.834Z	b265733ea53b6e07	1	Veloz	4
2017-11-04T11:56:49.766Z	OaiCdyon8P	2017-11-04T11:56:49.766Z	c1c0f391b310b51d	14	Prolongado	19
2017-11-04T11:56:49.902Z	mCY8H0qFbz	2017-11-04T11:56:49.902Z	c1c0f391b310b51d	15	Normal	19
2017-11-04T11:56:50.079Z	pSirZL5vAY	2017-11-04T11:56:50.079Z	c1c0f391b310b51d	16	Inspirador	19
2017-11-04T21:00:28.031Z	LfJY7ixyEq	2017-11-04T21:00:28.031Z	756256df825745c	35	Promedio	24
2017-11-04T21:00:28.252Z	CJY5mGkXCq	2017-11-04T21:00:28.252Z	756256df825745c	36	Rápido	24
2017-11-04T21:00:28.481Z	ny72lUehC4	2017-11-04T21:00:28.481Z	756256df825745c	37	Veloz	24
2017-11-05T12:00:01.347Z	nKUttF5MRo	2017-11-05T12:00:01.347Z	756256df825745c	38	Suficiente	26
2017-11-05T12:00:01.547Z	IgkIyomDnV	2017-11-05T12:00:01.547Z	756256df825745c	39	Normal	26
2017-11-05T12:33:44.621Z	ACSEYKF0WN	2017-11-05T12:33:44.621Z	75df4d7f5d07f886	1	Relajado	5
2017-11-05T16:47:23.165Z	szVmb1gmbI	2017-11-05T16:47:23.165Z	75df4d7f5d07f886	1	Moderado	7
2017-11-05T20:48:16.083Z	LmsjWo0hj2	2017-11-05T20:48:16.083Z	756256df825745c	40	Veloz	26
2017-11-05T21:09:25.687Z	BliNj6JaAI	2017-11-05T21:09:25.687Z	756256df825745c	41	Promedio	27
2017-11-05T21:09:25.878Z	FMEVBmOGAO	2017-11-05T21:09:25.878Z	756256df825745c	42	Rápido	27
2017-11-06T12:25:07.927Z	931Uhnpm2W	2017-11-06T12:25:07.927Z	f0304bf6db9bacfb	1	Rápido	9
2017-11-06T12:25:08.077Z	ILeCwAYx8y	2017-11-06T12:25:08.077Z	f0304bf6db9bacfb	2	Veloz	9
2017-11-06T22:23:52.067Z	JupCpbVsjL	2017-11-06T22:23:52.067Z	756256df825745c	42	Rápido	27
2017-11-06T22:23:52.849Z	zAwX7ImpUg	2017-11-06T22:23:52.849Z	756256df825745c	43	Veloz	27
2017-11-07T07:25:29.104Z	CMGRi1Setj	2017-11-07T07:25:29.104Z	f0304bf6db9bacfb	3	Seguro	10
2017-11-07T07:25:29.305Z	8zDw3PrI22	2017-11-07T07:25:29.305Z	f0304bf6db9bacfb	4	Moderado	10
2017-11-08T06:45:35.143Z	LfXU0zsR21	2017-11-08T06:45:35.143Z	11adcf0f63a00175	37	Seguro	31
2017-11-08T06:45:35.333Z	qb0MpBMFQl	2017-11-08T06:45:35.333Z	11adcf0f63a00175	38	Veloz	31
2017-11-08T07:31:04.028Z	44HnJteUD3	2017-11-08T07:31:04.028Z	75df4d7f5d07f886	1	Moderado	8
2017-11-08T11:36:15.006Z	BZwBWD0X7Y	2017-11-08T11:36:15.006Z	75df4d7f5d07f886	1	Veloz	9
2017-11-08T12:24:25.826Z	YYXyWlrb6F	2017-11-08T12:24:25.826Z	75df4d7f5d07f886	1	Confiable	10
2017-11-08T16:16:44.398Z	eJMF61CQiG	2017-11-08T16:16:44.398Z	5ed0527e1fa659da	4	Brake-intensive	5
2017-11-08T16:16:44.582Z	Ge1UtAVcEL	2017-11-08T16:16:44.582Z	5ed0527e1fa659da	5	Risky	5
2017-11-08T16:16:44.677Z	P1UT4QKza5	2017-11-08T16:16:44.677Z	5ed0527e1fa659da	6	Fast	5
2017-11-08T16:18:47.579Z	jQ2DeSTxMl	2017-11-08T16:18:47.579Z	5ed0527e1fa659da	7	Normal	6
2017-11-08T16:18:47.762Z	P7uAbNeF9s	2017-11-08T16:18:47.762Z	5ed0527e1fa659da	8	Fast	6
2017-11-09T09:03:49.826Z	UZ5Oq8IBCA	2017-11-09T09:03:49.826Z	5ed0527e1fa659da	9	Normal	7
2017-11-09T09:03:50.162Z	eSlcwMuTOO	2017-11-09T09:03:50.162Z	5ed0527e1fa659da	10	Fast	7
2017-11-09T11:56:11.516Z	PyKwvmHPUv	2017-11-09T11:56:11.516Z	2dd51dad67db44fe	1	Sheltered	1
2017-11-09T11:56:11.832Z	gD42TExruO	2017-11-09T11:56:11.832Z	2dd51dad67db44fe	2	Normal	1
2017-11-09T11:56:12.100Z	nyziAoIm6t	2017-11-09T11:56:12.100Z	2dd51dad67db44fe	3	Inspiring	1
2017-11-09T12:06:10.504Z	ZTjSiJkWMu	2017-11-09T12:06:10.504Z	2dd51dad67db44fe	4	Fast	2
2017-11-09T12:20:24.556Z	ot7EM9WCl0	2017-11-09T12:20:24.556Z	c04a9ce450d85367	1	Brake-intensive	2
2017-11-09T12:20:24.854Z	wk4jmTZafm	2017-11-09T12:20:24.854Z	c04a9ce450d85367	2	Crowded	2
2017-11-09T12:20:25.024Z	2CLDrc3Og7	2017-11-09T12:20:25.024Z	c04a9ce450d85367	3	Slow-moving	2
2017-11-09T12:22:10.958Z	dPD2mWgcoi	2017-11-09T12:22:10.958Z	c04a9ce450d85367	4	Brake-intensive	3
2017-11-09T12:22:11.135Z	DrZ0CPGZep	2017-11-09T12:22:11.135Z	c04a9ce450d85367	5	Crowded	3
2017-11-09T12:22:11.315Z	GxQSNsjwL3	2017-11-09T12:22:11.315Z	c04a9ce450d85367	6	Slow-moving	3
2017-11-09T13:36:59.712Z	lUURU0IxVW	2017-11-09T13:36:59.712Z	ff64f36fe20f131	1	Hazardous	5
2017-11-09T13:37:00.203Z	LJYdwuYHRw	2017-11-09T13:37:00.203Z	ff64f36fe20f131	2	Normal	5
2017-11-09T13:37:00.854Z	vM7CkGzwRS	2017-11-09T13:37:00.854Z	ff64f36fe20f131	3	Moderated	5
2017-11-09T14:00:33.424Z	Y1vl7IspPx	2017-11-09T14:00:33.424Z	ff64f36fe20f131	4	Disconnected	6
2017-11-09T14:07:35.753Z	WQTXaPDLSH	2017-11-09T14:07:35.753Z	ff64f36fe20f131	4	Disconnected	6
2017-11-09T14:07:36.536Z	MW7Ihr4vHF	2017-11-09T14:07:36.536Z	ff64f36fe20f131	5	Time-consuming	6
2017-11-09T14:07:37.103Z	J8DAzUEi0B	2017-11-09T14:07:37.103Z	ff64f36fe20f131	6	Inspiring	6
2017-11-09T14:25:06.530Z	I7sF5SsXwD	2017-11-09T14:25:06.530Z	ff64f36fe20f131	7	Speedy	7
2017-11-09T14:25:07.254Z	acI1Vh1eEW	2017-11-09T14:25:07.254Z	ff64f36fe20f131	8	Quick	7
2017-11-09T14:43:22.273Z	vdjdgJ8Jf7	2017-11-09T14:43:22.273Z	948c5a19e0e77b8f	1	Inspiring	15
2017-11-09T15:03:52.514Z	rGYQzGAloc	2017-11-09T15:03:52.514Z	5ed0527e1fa659da	11	Fast	9
2017-11-09T15:04:52.868Z	s2Vt1JhsYr	2017-11-09T15:04:52.868Z	5ed0527e1fa659da	12	Fast	10
2017-11-09T16:30:35.769Z	kMsNVK34vw	2017-11-09T16:30:35.769Z	5ed0527e1fa659da	13	Disconnected	11
2017-11-09T16:30:36.133Z	c1QPnzx0dY	2017-11-09T16:30:36.133Z	5ed0527e1fa659da	14	Crowded	11
2017-11-09T16:30:36.396Z	MD0tL6vwP0	2017-11-09T16:30:36.396Z	5ed0527e1fa659da	15	Dangerous	11
2017-11-09T18:29:30.510Z	qNbbAk1sFh	2017-11-09T18:29:30.510Z	b815df034e2f361c	1	Efficient	1
2017-11-09T18:29:30.697Z	vmxsuUErOk	2017-11-09T18:29:30.697Z	b815df034e2f361c	2	Normal	1
2017-11-09T18:29:30.883Z	u0f66QPS8H	2017-11-09T18:29:30.883Z	b815df034e2f361c	3	Fast	1
2017-11-09T18:29:32.274Z	DyhMd3OnnY	2017-11-09T18:29:32.274Z	b815df034e2f361c	4	Efficient	2
2017-11-09T18:29:32.480Z	c1ghkF5xkw	2017-11-09T18:29:32.480Z	b815df034e2f361c	5	Normal	2
2017-11-09T18:29:32.661Z	rTPFtMlEpE	2017-11-09T18:29:32.661Z	b815df034e2f361c	6	Fast	2
2017-11-09T18:37:02.981Z	csgnUiAL6X	2017-11-09T18:37:02.981Z	1fce815e794a07c8	1	Speedy	2
2017-11-09T18:37:03.186Z	ypZyfxS7w4	2017-11-09T18:37:03.186Z	1fce815e794a07c8	2	Risky	2
2017-11-09T18:37:03.392Z	sjLGg71NiQ	2017-11-09T18:37:03.392Z	1fce815e794a07c8	3	Fast	2
2017-11-10T06:52:43.681Z	lUk9VD8jme	2017-11-10T06:52:43.681Z	89549cb520eb71df	1	Normal	10
2017-11-10T06:52:43.866Z	2siqwhqWbj	2017-11-10T06:52:43.866Z	89549cb520eb71df	2	Relaxed	10
2017-11-10T07:27:17.054Z	mD8DqJC7s8	2017-11-10T07:27:17.054Z	1fce815e794a07c8	4	Efficient	3
2017-11-10T07:27:17.489Z	09R35aCvEG	2017-11-10T07:27:17.489Z	1fce815e794a07c8	5	Risky	3
2017-11-10T07:27:17.660Z	QgErNNYVnP	2017-11-10T07:27:17.660Z	1fce815e794a07c8	6	Inspiring	3
2017-11-10T07:27:20.618Z	bRDnURNfwr	2017-11-10T07:27:20.618Z	1fce815e794a07c8	7	Efficient	3
2017-11-10T07:27:20.818Z	Xs6Euv4t9e	2017-11-10T07:27:20.818Z	1fce815e794a07c8	8	Risky	3
2017-11-10T07:27:21.255Z	PnXkDSAQ7c	2017-11-10T07:27:21.255Z	1fce815e794a07c8	9	Inspiring	3
2017-11-10T08:11:58.908Z	nUUFRLD2WW	2017-11-10T08:11:58.908Z	3d52ad6645625475	1	Light	4
2017-11-10T08:11:59.062Z	p1HQfDeKgY	2017-11-10T08:11:59.062Z	3d52ad6645625475	2	Relaxed	4
2017-11-10T08:59:25.423Z	z5nK2rLGDC	2017-11-10T08:59:25.423Z	5ed0527e1fa659da	16	Hazardous	13
2017-11-10T08:59:25.578Z	DMuvmchVNP	2017-11-10T08:59:25.578Z	5ed0527e1fa659da	17	Crowded	13
2017-11-10T08:59:25.769Z	ED8cOydmmA	2017-11-10T08:59:25.769Z	5ed0527e1fa659da	18	Slow-moving	13
2017-11-10T10:03:52.090Z	AbFhEvA5js	2017-11-10T10:03:52.090Z	ff64f36fe20f131	8	Quick	7
2017-11-10T10:03:52.272Z	jaub72embt	2017-11-10T10:03:52.272Z	ff64f36fe20f131	9	Slow-moving	7
2017-11-10T13:26:00.107Z	jJ1EnN2Vl7	2017-11-10T13:26:00.107Z	77d5ef0502ed6625	1	Secure	1
2017-11-10T13:26:00.334Z	gDcreMmWGZ	2017-11-10T13:26:00.334Z	77d5ef0502ed6625	2	Moderated	1
2017-11-10T13:52:59.761Z	1FiLcdCLXc	2017-11-10T13:52:59.761Z	8cb3b5184219991f	1	Brake-intensive	2
2017-11-10T13:53:00.001Z	p3RY7D2Wdt	2017-11-10T13:53:00.001Z	8cb3b5184219991f	2	Crowded	2
2017-11-10T13:53:00.647Z	L8IhJadhki	2017-11-10T13:53:00.647Z	8cb3b5184219991f	3	Relaxed	2
2017-11-10T14:33:34.794Z	AzVT2Xn4TL	2017-11-10T14:33:34.794Z	5d6f5f62dda6cfde	1	nice because I cycled with a friend.	4
2017-11-10T14:33:35.517Z	7HVyH7S6SX	2017-11-10T14:33:35.517Z	5d6f5f62dda6cfde	2	Relaxed	4
2017-11-10T14:34:12.595Z	haPtxkuSN8	2017-11-10T14:34:12.595Z	77d5ef0502ed6625	3	Worthy	2
2017-11-10T14:34:12.766Z	SCJaKTjTqG	2017-11-10T14:34:12.766Z	77d5ef0502ed6625	4	Moderated	2
2017-11-10T14:47:06.689Z	wymHsF2DhJ	2017-11-10T14:47:06.689Z	f10bdbbea0e46dd0	1	Efficient	2
2017-11-10T14:47:08.990Z	jWrXKL0Kvo	2017-11-10T14:47:08.990Z	f10bdbbea0e46dd0	2	Normal	2
2017-11-10T14:47:12.210Z	Oc7FW1Tvdl	2017-11-10T14:47:12.210Z	f10bdbbea0e46dd0	3	Fast	2
2017-11-10T14:47:29.709Z	fNWaInA9nD	2017-11-10T14:47:29.709Z	f10bdbbea0e46dd0	4	Efficient	3
2017-11-10T14:47:30.869Z	9qNRdxZKy7	2017-11-10T14:47:30.869Z	f10bdbbea0e46dd0	5	Normal	3
2017-11-10T14:47:32.251Z	iTEVMfXJ7k	2017-11-10T14:47:32.251Z	f10bdbbea0e46dd0	6	Fast	3
2017-11-10T16:18:30.261Z	9gTnvSjNkF	2017-11-10T16:18:30.261Z	3d52ad6645625475	3	Quick	5
2017-11-10T16:18:30.458Z	3ayuLOiUB8	2017-11-10T16:18:30.458Z	3d52ad6645625475	4	Slow-moving	5
2017-11-10T19:01:30.319Z	neLk4bQ5Se	2017-11-10T19:01:30.319Z	1fce815e794a07c8	10	Average	4
2017-11-10T19:01:30.508Z	m7I2CUKOaA	2017-11-10T19:01:30.508Z	1fce815e794a07c8	11	Risky	4
2017-11-10T19:01:30.709Z	wI6m8eqK5w	2017-11-10T19:01:30.709Z	1fce815e794a07c8	12	Fast	4
2017-11-10T21:32:25.588Z	YvsvSCD4F7	2017-11-10T21:32:25.588Z	5ed0527e1fa659da	19	Sheltered	15
2017-11-10T21:32:25.825Z	W5fNHiQT6X	2017-11-10T21:32:25.825Z	5ed0527e1fa659da	20	Risky	15
2017-11-10T21:32:26.053Z	1ehRSwjz0g	2017-11-10T21:32:26.053Z	5ed0527e1fa659da	21	Dangerous	15
2017-11-11T05:56:41.827Z	Uy7cxQWr4O	2017-11-11T05:56:41.827Z	c04a9ce450d85367	7	Disconnected	6
2017-11-11T05:56:46.650Z	8iKAWYkNef	2017-11-11T05:56:46.650Z	c04a9ce450d85367	8	Light	6
2017-11-11T05:56:47.712Z	KjjXnEYySL	2017-11-11T05:56:47.712Z	c04a9ce450d85367	9	Fast	6
2017-11-11T07:37:32.487Z	Fai22Hae6P	2017-11-11T07:37:32.487Z	5ed0527e1fa659da	22	Normal	17
2017-11-11T07:37:32.701Z	DbBgeG7Q2q	2017-11-11T07:37:32.701Z	5ed0527e1fa659da	23	Fast	17
2017-11-11T10:54:30.415Z	XyntvEUS7e	2017-11-11T10:54:30.415Z	ff64f36fe20f131	10	Speedy	10
2017-11-11T10:54:35.780Z	p1EtOIHnG2	2017-11-11T10:54:35.780Z	ff64f36fe20f131	10	Speedy	10
2017-11-11T10:54:36.463Z	o7WQeHN1ZP	2017-11-11T10:54:36.463Z	ff64f36fe20f131	11	Normal	10
2017-11-11T10:54:37.080Z	u2s4tgVD7F	2017-11-11T10:54:37.080Z	ff64f36fe20f131	12	Fast	10
2017-11-11T12:08:57.434Z	PvcmXClxys	2017-11-11T12:08:57.434Z	ff64f36fe20f131	13	Speedy	11
2017-11-11T12:08:58.294Z	1skJBomS6F	2017-11-11T12:08:58.294Z	ff64f36fe20f131	14	Normal	11
2017-11-11T12:08:58.976Z	cxytKrAQyM	2017-11-11T12:08:58.976Z	ff64f36fe20f131	15	Fast	11
2017-11-11T16:44:45.806Z	zGaCs4SBCy	2017-11-11T16:44:45.806Z	be492f9e5222543e	1	Time-consuming	4
2017-11-11T16:44:45.998Z	eCWJlVSTXP	2017-11-11T16:44:45.998Z	be492f9e5222543e	2	Moderated	4
2017-11-11T16:58:48.937Z	FyaIgv6e9v	2017-11-11T16:58:48.937Z	be492f9e5222543e	3	Sheltered	4
2017-11-11T16:58:49.158Z	Zhi8ofC3M4	2017-11-11T16:58:49.158Z	be492f9e5222543e	4	Secure	4
2017-11-11T16:58:49.359Z	Er4T49JTfN	2017-11-11T16:58:49.359Z	be492f9e5222543e	5	Fast	4
2017-11-11T17:04:22.748Z	1zF1MlFtvA	2017-11-11T17:04:22.748Z	be492f9e5222543e	6	Sheltered	7
2017-11-11T17:04:22.938Z	ZHKcR8DReL	2017-11-11T17:04:22.938Z	be492f9e5222543e	7	Secure	7
2017-11-11T17:04:23.096Z	Rw0Il4DwWn	2017-11-11T17:04:23.096Z	be492f9e5222543e	8	Fast	7
2017-11-11T17:04:31.615Z	8zTjS4YLar	2017-11-11T17:04:31.615Z	be492f9e5222543e	9	Sheltered	8
2017-11-11T17:04:31.798Z	Hp3xsVgkNB	2017-11-11T17:04:31.798Z	be492f9e5222543e	10	Secure	8
2017-11-11T17:04:31.991Z	eNp3OnLsRo	2017-11-11T17:04:31.991Z	be492f9e5222543e	11	Fast	8
2017-11-11T19:17:22.752Z	otgTkH9MEG	2017-11-11T19:17:22.752Z	be492f9e5222543e	12	Average	9
2017-11-11T19:17:22.952Z	wuCVJswf5b	2017-11-11T19:17:22.952Z	be492f9e5222543e	13	Worthy	9
2017-11-11T19:17:23.150Z	2Vx7ZfALaJ	2017-11-11T19:17:23.150Z	be492f9e5222543e	14	windy	9
2017-11-12T05:11:57.844Z	BH9E0QDGFS	2017-11-12T05:11:57.844Z	77d5ef0502ed6625	5	Worthy	3
2017-11-12T05:11:58.021Z	uGhazUGsRR	2017-11-12T05:11:58.021Z	77d5ef0502ed6625	6	Moderated	3
2017-11-12T06:38:07.423Z	KE8CBRU9Q8	2017-11-12T06:38:07.423Z	77d5ef0502ed6625	7	Worthy	4
2017-11-12T06:38:07.611Z	DSJnyJ6v90	2017-11-12T06:38:07.611Z	77d5ef0502ed6625	8	Moderated	4
2017-11-12T07:07:58.501Z	ixt0HDBoFH	2017-11-12T07:07:58.501Z	77d5ef0502ed6625	9	Worthy	5
2017-11-12T07:07:58.701Z	SnQpleICqY	2017-11-12T07:07:58.701Z	77d5ef0502ed6625	10	Inspiring	5
2017-11-12T07:09:53.074Z	F1SUaXAqAr	2017-11-12T07:09:53.074Z	77d5ef0502ed6625	11	Worthy	6
2017-11-12T07:09:53.276Z	yurUXwh3Aa	2017-11-12T07:09:53.276Z	77d5ef0502ed6625	12	Inspiring	6
2017-11-12T11:53:23.263Z	Ay4ohlzIdB	2017-11-12T11:53:23.263Z	77d5ef0502ed6625	13	Fast	7
2017-11-12T11:56:35.417Z	KFejXNmloc	2017-11-12T11:56:35.417Z	8cb3b5184219991f	4	Speedy	3
2017-11-12T11:56:35.633Z	xzlMtRBKlD	2017-11-12T11:56:35.633Z	8cb3b5184219991f	5	Light	3
2017-11-12T11:56:35.810Z	x6AZg5Bs6q	2017-11-12T11:56:35.810Z	8cb3b5184219991f	6	Safe	3
2017-11-12T14:11:34.592Z	ZL9aLLriDQ	2017-11-12T14:11:34.592Z	1fce815e794a07c8	13	Efficient	5
2017-11-12T14:11:34.782Z	TeXznAAnHD	2017-11-12T14:11:34.782Z	1fce815e794a07c8	14	Worthy	5
2017-11-12T14:11:34.982Z	d560cZQoMq	2017-11-12T14:11:34.982Z	1fce815e794a07c8	15	Fast	5
2017-11-12T17:00:11.828Z	howw5UR5o4	2017-11-12T17:00:11.828Z	be492f9e5222543e	15	Speedy	10
2017-11-12T17:00:12.077Z	N5s7el4iGp	2017-11-12T17:00:12.077Z	be492f9e5222543e	16	Worthy	10
2017-11-13T07:03:42.324Z	B0iqmpbId6	2017-11-13T07:03:42.324Z	f10bdbbea0e46dd0	7	Efficient	4
2017-11-13T07:03:42.499Z	5N5GD2CwCu	2017-11-13T07:03:42.499Z	f10bdbbea0e46dd0	8	Normal	4
2017-11-13T07:03:42.670Z	HUU7o3u0q2	2017-11-13T07:03:42.670Z	f10bdbbea0e46dd0	9	Fast	4
2017-11-13T07:11:01.899Z	XndJfN3Ogm	2017-11-13T07:11:01.899Z	89549cb520eb71df	3	Moderated	14
2017-11-13T07:20:42.187Z	UKQ5AE4Uq9	2017-11-13T07:20:42.187Z	89549cb520eb71df	4	Moderated	15
2017-11-13T08:03:47.846Z	5hUEs7m7Ev	2017-11-13T08:03:47.846Z	8cb3b5184219991f	7	Efficient	7
2017-11-13T08:03:47.984Z	NB2RkMkrNJ	2017-11-13T08:03:47.984Z	8cb3b5184219991f	8	Light	7
2017-11-13T08:03:48.122Z	kI1sZcIogb	2017-11-13T08:03:48.122Z	8cb3b5184219991f	9	Fast	7
2017-11-13T08:06:25.452Z	PDOrbDDtDc	2017-11-13T08:06:25.452Z	3d52ad6645625475	5	Light	6
2017-11-13T08:06:32.884Z	PgMs41QCax	2017-11-13T08:06:32.884Z	3d52ad6645625475	6	Slow-moving	6
2017-11-13T08:21:10.677Z	Qd3N9U53je	2017-11-13T08:21:10.677Z	5ed0527e1fa659da	24	Disconnected	19
2017-11-13T08:21:12.812Z	fj39qu7jcx	2017-11-13T08:21:12.812Z	5ed0527e1fa659da	25	hilly	19
2017-11-13T08:21:12.983Z	F9YHWcDncn	2017-11-13T08:21:12.983Z	5ed0527e1fa659da	26	Moderated	19
2017-11-13T09:57:54.583Z	XefaKaRzTE	2017-11-13T09:57:54.583Z	c04a9ce450d85367	10	Average	7
2017-11-13T09:57:54.740Z	oXN9dC2jou	2017-11-13T09:57:54.740Z	c04a9ce450d85367	11	Time-consuming	7
2017-11-13T09:57:54.887Z	3XNjNUIsY3	2017-11-13T09:57:54.887Z	c04a9ce450d85367	12	Slow-moving	7
2017-11-13T10:06:47.817Z	Rk5UDLfqsq	2017-11-13T10:06:47.817Z	77d5ef0502ed6625	14	Fast	8
2017-11-13T10:06:50.176Z	DNLwF1f1AE	2017-11-13T10:06:50.176Z	77d5ef0502ed6625	14	Fast	8
2017-11-13T10:16:52.249Z	tvEoNsKf9E	2017-11-13T10:16:52.249Z	77d5ef0502ed6625	15	Fast	9
2017-11-13T10:16:56.421Z	EoHcSvFt5i	2017-11-13T10:16:56.421Z	77d5ef0502ed6625	15	Fast	9
2017-11-13T15:24:44.986Z	SMcqAaRhQj	2017-11-13T15:24:44.986Z	c04a9ce450d85367	13	Speedy	8
2017-11-13T15:24:45.194Z	03q2z9uKXt	2017-11-13T15:24:45.194Z	c04a9ce450d85367	14	Quick	8
2017-11-13T15:24:45.412Z	uA9xFsvCt0	2017-11-13T15:24:45.412Z	c04a9ce450d85367	15	Fast	8
2017-11-13T15:39:51.445Z	er94DKr4Dx	2017-11-13T15:39:51.445Z	f10bdbbea0e46dd0	10	Efficient	5
2017-11-13T15:39:51.792Z	BJqPJeyB46	2017-11-13T15:39:51.792Z	f10bdbbea0e46dd0	11	Normal	5
2017-11-13T15:39:52.027Z	CjyjJl6DOJ	2017-11-13T15:39:52.027Z	f10bdbbea0e46dd0	12	Fast	5
2017-11-13T15:59:45.174Z	sbTCfsj3ZB	2017-11-13T15:59:45.174Z	f10bdbbea0e46dd0	13	Efficient	8
2017-11-13T15:59:45.342Z	AqYEJaE2Hy	2017-11-13T15:59:45.342Z	f10bdbbea0e46dd0	14	Quick	8
2017-11-13T15:59:45.518Z	LI5pL1alhc	2017-11-13T15:59:45.518Z	f10bdbbea0e46dd0	15	Dull	8
2017-11-13T17:32:46.010Z	gilFVvWiXc	2017-11-13T17:32:46.010Z	5ed0527e1fa659da	27	Disconnected	20
2017-11-13T17:32:46.293Z	S0OsjmdHOI	2017-11-13T17:32:46.293Z	5ed0527e1fa659da	28	Risky	20
2017-11-13T17:32:46.453Z	OMqA121eGE	2017-11-13T17:32:46.453Z	5ed0527e1fa659da	29	Inspiring	20
2017-11-13T19:13:27.511Z	GFg5lrqSnC	2017-11-13T19:13:27.511Z	5ed0527e1fa659da	30	Quick	21
2017-11-13T19:13:27.712Z	kkwGOaBPT6	2017-11-13T19:13:27.712Z	5ed0527e1fa659da	31	light	21
2017-11-13T20:25:50.036Z	C4BI0sH69V	2017-11-13T20:25:50.036Z	5d6f5f62dda6cfde	3	Secure	6
2017-11-13T20:25:50.263Z	1HTLe9CKPa	2017-11-13T20:25:50.263Z	5d6f5f62dda6cfde	4	Fast	6
2017-11-14T07:00:52.888Z	coxAg3r2Yw	2017-11-14T07:00:52.888Z	1fce815e794a07c8	16	Efficient	7
2017-11-14T07:00:53.259Z	nMFsHF2WU4	2017-11-14T07:00:53.259Z	1fce815e794a07c8	17	Normal	7
2017-11-14T07:00:53.439Z	Re1GbZTLT1	2017-11-14T07:00:53.439Z	1fce815e794a07c8	18	Moderated	7
2017-11-14T07:56:03.147Z	3HcP6zdkHS	2017-11-14T07:56:03.147Z	3d52ad6645625475	7	Light	7
2017-11-14T07:56:04.163Z	V6E62YsyVL	2017-11-14T07:56:04.163Z	3d52ad6645625475	8	Slow-moving	7
2017-11-14T09:55:21.904Z	fPGIKb6XlV	2017-11-14T09:55:21.904Z	c04a9ce450d85367	16	Enough	9
2017-11-14T09:55:22.089Z	bOtncy0K9J	2017-11-14T09:55:22.089Z	c04a9ce450d85367	17	Risky	9
2017-11-14T09:55:22.293Z	4EqJADI65n	2017-11-14T09:55:22.293Z	c04a9ce450d85367	18	Dull	9
2017-11-14T13:47:56.372Z	qC4PJx6kWV	2017-11-14T13:47:56.372Z	89549cb520eb71df	5	Moderated	16
2017-11-14T15:02:40.899Z	ZN6CvBRPjM	2017-11-14T15:02:40.899Z	1fce815e794a07c8	19	Efficient	8
2017-11-14T15:02:41.099Z	ztrYjCsDDR	2017-11-14T15:02:41.099Z	1fce815e794a07c8	20	Quick	8
2017-11-14T15:02:41.289Z	yoqKePTr7h	2017-11-14T15:02:41.289Z	1fce815e794a07c8	21	Relaxed	8
2017-11-14T15:06:00.248Z	0ew3gvjeGy	2017-11-14T15:06:00.248Z	1fce815e794a07c8	22	Efficient	9
2017-11-14T15:06:00.428Z	r0v8nFKXcA	2017-11-14T15:06:00.428Z	1fce815e794a07c8	23	Quick	9
2017-11-14T15:06:00.628Z	H5krStrllG	2017-11-14T15:06:00.628Z	1fce815e794a07c8	24	Relaxed	9
2017-11-15T07:41:34.893Z	UuEz3NWJnj	2017-11-15T07:41:34.893Z	f10bdbbea0e46dd0	16	Brake-intensive	11
2017-11-15T07:41:35.076Z	BYJa80HMUu	2017-11-15T07:41:35.076Z	f10bdbbea0e46dd0	17	Crowded	11
2017-11-15T07:41:35.293Z	MCPOYxB35M	2017-11-15T07:41:35.293Z	f10bdbbea0e46dd0	18	Slow-moving	11
2017-11-15T10:07:44.334Z	PCXP1Kz0QZ	2017-11-15T10:07:44.334Z	be492f9e5222543e	17	Sheltered	11
2017-11-15T10:07:44.525Z	AORfHDb9sm	2017-11-15T10:07:44.525Z	be492f9e5222543e	18	Worthy	11
2017-11-15T10:07:44.709Z	UjLf07Fiar	2017-11-15T10:07:44.709Z	be492f9e5222543e	19	Moderated	11
2017-11-15T12:38:52.152Z	ZG1pOtBEmY	2017-11-15T12:38:52.152Z	fd1f1dc85e0d1b8b	1	Efficient	1
2017-11-15T12:38:52.364Z	iaXYYHM37u	2017-11-15T12:38:52.364Z	fd1f1dc85e0d1b8b	2	Secure	1
2017-11-15T12:38:52.594Z	CGzGb8sEKk	2017-11-15T12:38:52.594Z	fd1f1dc85e0d1b8b	3	Moderated	1
2017-11-15T16:28:08.356Z	z6eu2JwYrc	2017-11-15T16:28:08.356Z	89549cb520eb71df	6	Fast	19
2017-11-16T11:11:10.461Z	UoRgFliugD	2017-11-16T11:11:10.461Z	ff64f36fe20f131	16	Speedy	13
2017-11-16T11:11:12.441Z	AiCFnk2zuk	2017-11-16T11:11:12.441Z	ff64f36fe20f131	17	Quick	13
2017-11-16T11:11:14.037Z	8zduK1zrBM	2017-11-16T11:11:14.037Z	ff64f36fe20f131	18	Fast	13
2017-11-16T11:57:28.682Z	4cw8nc55xB	2017-11-16T11:57:28.682Z	be492f9e5222543e	20	Fast	12
2017-11-16T12:06:56.661Z	pHJYGwxa9I	2017-11-16T12:06:56.661Z	be492f9e5222543e	21	pleasant	13
2017-11-16T12:06:56.894Z	cIe5gD3XeS	2017-11-16T12:06:56.894Z	be492f9e5222543e	22	Worthy	13
2017-11-16T12:06:57.069Z	DuqJb5CAeQ	2017-11-16T12:06:57.069Z	be492f9e5222543e	23	Fast	13
2017-11-16T13:32:28.192Z	XHmokrU9TX	2017-11-16T13:32:28.192Z	5ed0527e1fa659da	32	Inspiring	22
2017-11-16T14:03:13.653Z	8RbfL5DuSa	2017-11-16T14:03:13.653Z	ff64f36fe20f131	19	Efficient	15
2017-11-16T14:03:14.164Z	4SfIvaJMiF	2017-11-16T14:03:14.164Z	ff64f36fe20f131	20	Quick	15
2017-11-16T14:03:14.813Z	cIl2tDPie9	2017-11-16T14:03:14.813Z	ff64f36fe20f131	21	Fast	15
2017-11-16T15:22:37.073Z	1NJiMxoox3	2017-11-16T15:22:37.073Z	be492f9e5222543e	24	Worthy	14
2017-11-16T15:22:37.263Z	anlgCuc8Q0	2017-11-16T15:22:37.263Z	be492f9e5222543e	25	Fast	14
2017-11-17T07:46:25.274Z	pb1se9jXYh	2017-11-17T07:46:25.274Z	77d5ef0502ed6625	16	Normal	9
2017-11-17T07:46:35.853Z	KvnpZtKUz2	2017-11-17T07:46:35.853Z	77d5ef0502ed6625	17	Moderated	9
2017-11-17T13:35:47.321Z	PjwFQdo3wN	2017-11-17T13:35:47.321Z	f10bdbbea0e46dd0	19	Brake-intensive	12
2017-11-17T13:35:47.542Z	tAlbViVNDB	2017-11-17T13:35:47.542Z	f10bdbbea0e46dd0	20	Crowded	12
2017-11-17T13:35:47.773Z	NW2dlNexv7	2017-11-17T13:35:47.773Z	f10bdbbea0e46dd0	21	Slow-moving	12
2017-11-17T13:48:21.394Z	2sqGiyXnCX	2017-11-17T13:48:21.394Z	f10bdbbea0e46dd0	22	Brake-intensive	12
2017-11-17T13:48:21.566Z	hcMFJBd5tA	2017-11-17T13:48:21.566Z	f10bdbbea0e46dd0	23	Crowded	12
2017-11-17T13:48:21.752Z	OKnsq7JIpO	2017-11-17T13:48:21.752Z	f10bdbbea0e46dd0	24	Slow-moving	12
2017-11-17T18:16:17.179Z	RUQuRsKyiW	2017-11-17T18:16:17.179Z	5d6f5f62dda6cfde	5	Fast	11
2017-11-18T08:46:30.464Z	QOxwLepBCT	2017-11-18T08:46:30.464Z	77d5ef0502ed6625	18	Normal	10
2017-11-18T08:46:30.705Z	QdSA5Ak8u5	2017-11-18T08:46:30.705Z	77d5ef0502ed6625	19	Moderated	10
2017-11-18T08:49:57.407Z	GJza1W7yXH	2017-11-18T08:49:57.407Z	77d5ef0502ed6625	20	Dangerous	10
2017-11-18T08:50:00.452Z	hKn9JtjGKM	2017-11-18T08:50:00.452Z	77d5ef0502ed6625	21	Safe	10
2017-11-18T08:57:41.704Z	bcVHvYExOY	2017-11-18T08:57:41.704Z	77d5ef0502ed6625	22	Safe	10
2017-11-18T08:58:41.999Z	lnIqu7n0ou	2017-11-18T08:58:41.999Z	77d5ef0502ed6625	23	Relaxed	10
2017-11-18T11:14:05.214Z	Xk2uyGQfMq	2017-11-18T11:14:05.214Z	77d5ef0502ed6625	24	Safe	10
2017-11-19T09:22:23.929Z	8Qut4nrtb5	2017-11-19T09:22:23.929Z	77d5ef0502ed6625	25	Normal	10
2017-11-19T09:22:25.833Z	gNnG3wXzYR	2017-11-19T09:22:25.833Z	77d5ef0502ed6625	25	Normal	10
2017-11-19T09:23:05.829Z	MAv3sbXipI	2017-11-19T09:23:05.829Z	77d5ef0502ed6625	26	Fast	10
2017-11-20T08:36:07.518Z	zCEfu4ZtmD	2017-11-20T08:36:07.518Z	2dd51dad67db44fe	5	Average	3
2017-11-20T08:36:07.749Z	s1ElucsEa0	2017-11-20T08:36:07.749Z	2dd51dad67db44fe	6	Normal	3
2017-11-20T08:36:07.978Z	aUgLqlvOFD	2017-11-20T08:36:07.978Z	2dd51dad67db44fe	7	Moderated	3
2017-11-20T08:43:45.637Z	rvwDwvFRmI	2017-11-20T08:43:45.637Z	1fce815e794a07c8	25	Brake-intensive	12
2017-11-20T08:43:45.856Z	i0NS94LbGD	2017-11-20T08:43:45.856Z	1fce815e794a07c8	26	Normal	12
2017-11-20T08:43:46.066Z	K0SFaCdhIc	2017-11-20T08:43:46.066Z	1fce815e794a07c8	27	Moderated	12
2017-11-20T13:01:15.701Z	XdioeNjaUN	2017-11-20T13:01:15.701Z	b265733ea53b6e07	1	Suficiente	13
2017-11-20T13:01:15.858Z	sdkWQOqsxO	2017-11-20T13:01:15.858Z	b265733ea53b6e07	2	Suave	13
2017-11-20T13:01:16.020Z	QIJNAKcptU	2017-11-20T13:01:16.020Z	b265733ea53b6e07	3	Relajado	13
2017-11-20T17:17:57.000Z	9PR2j39muW	2017-11-20T17:17:57.000Z	5d6f5f62dda6cfde	6	Normal	13
2017-11-20T17:17:57.280Z	DKyCtV6tXI	2017-11-20T17:17:57.280Z	5d6f5f62dda6cfde	7	Moderated	13
2017-11-20T18:18:39.019Z	TIGDRGzxpA	2017-11-20T18:18:39.019Z	1fce815e794a07c8	28	Brake-intensive	13
2017-11-20T18:18:39.228Z	x2kQ5nSDlH	2017-11-20T18:18:39.228Z	1fce815e794a07c8	29	Crowded	13
2017-11-20T18:18:39.469Z	7ClWFf1dxW	2017-11-20T18:18:39.469Z	1fce815e794a07c8	30	Fast	13
2017-11-20T18:33:47.671Z	ZQZx6AETMc	2017-11-20T18:33:47.671Z	5ed0527e1fa659da	33	Light	24
2017-11-20T18:33:47.853Z	PXdFPkTST9	2017-11-20T18:33:47.853Z	5ed0527e1fa659da	34	Fast	24
2017-11-20T19:09:09.210Z	u7n9zAjo8t	2017-11-20T19:09:09.210Z	5ed0527e1fa659da	35	Risky	25
2017-11-20T19:09:09.375Z	yVWrXJJoVS	2017-11-20T19:09:09.375Z	5ed0527e1fa659da	36	Slow-moving	25
2017-11-21T11:24:55.056Z	yRojS3oICl	2017-11-21T11:24:55.056Z	1fce815e794a07c8	31	Speedy	14
2017-11-21T11:24:55.244Z	qXYJnAURLs	2017-11-21T11:24:55.244Z	1fce815e794a07c8	32	Quick	14
2017-11-21T11:24:55.425Z	s9UkOQ25RW	2017-11-21T11:24:55.425Z	1fce815e794a07c8	33	Fast	14
2017-11-21T11:34:43.081Z	aSLhyB7pow	2017-11-21T11:34:43.081Z	1fce815e794a07c8	34	Speedy	15
2017-11-21T11:34:43.270Z	aR5WqWKghY	2017-11-21T11:34:43.270Z	1fce815e794a07c8	35	Quick	15
2017-11-21T11:34:43.473Z	N9aRUtj3uF	2017-11-21T11:34:43.473Z	1fce815e794a07c8	36	Fast	15
2017-11-21T11:34:46.818Z	fdcrjydtb6	2017-11-21T11:34:46.818Z	1fce815e794a07c8	37	Speedy	16
2017-11-21T11:34:47.010Z	fFXyDlHtTy	2017-11-21T11:34:47.010Z	1fce815e794a07c8	38	Quick	16
2017-11-21T11:34:47.200Z	U8z3Dk0wBt	2017-11-21T11:34:47.200Z	1fce815e794a07c8	39	Fast	16
2017-11-21T14:45:46.483Z	00OBW4Ecfz	2017-11-21T14:45:46.483Z	1fce815e794a07c8	40	Speedy	17
2017-11-21T14:45:46.674Z	wrwE9LWXyM	2017-11-21T14:45:46.674Z	1fce815e794a07c8	41	Quick	17
2017-11-21T14:45:46.903Z	hQzuVRE18l	2017-11-21T14:45:46.903Z	1fce815e794a07c8	42	Fast	17
2017-11-21T14:56:09.474Z	gqtEG7PXWG	2017-11-21T14:56:09.474Z	1fce815e794a07c8	43	Brake-intensive	18
2017-11-21T14:56:09.674Z	CkSJJhBV82	2017-11-21T14:56:09.674Z	1fce815e794a07c8	44	Quick	18
2017-11-21T14:56:09.865Z	AlKEle4EN1	2017-11-21T14:56:09.865Z	1fce815e794a07c8	45	Fast	18
2017-11-21T17:18:08.370Z	9lXb2UXTVk	2017-11-21T17:18:08.370Z	5d6f5f62dda6cfde	8	stuck behind traffic	14
2017-11-21T17:18:08.689Z	i9rzAnHgFq	2017-11-21T17:18:08.689Z	5d6f5f62dda6cfde	9	Moderated	14
2017-11-22T08:04:42.075Z	hvHL0yPBol	2017-11-22T08:04:42.075Z	1fce815e794a07c8	46	Disconnected	20
2017-11-22T08:04:42.361Z	8YKw9xsy2u	2017-11-22T08:04:42.361Z	1fce815e794a07c8	47	Worthy	20
2017-11-22T08:04:42.601Z	R1EAkqccHx	2017-11-22T08:04:42.601Z	1fce815e794a07c8	48	Moderated	20
2017-11-22T12:11:58.985Z	eCvgxT9uMx	2017-11-22T12:11:58.985Z	37132b759d08a2c5	1	Enough	2
2017-11-22T12:12:00.032Z	p5HSuUMfcE	2017-11-22T12:12:00.032Z	37132b759d08a2c5	2	Light	2
2017-11-22T12:12:01.992Z	SFA6dkN9kk	2017-11-22T12:12:01.992Z	37132b759d08a2c5	3	rainy	2
2017-11-22T12:12:19.611Z	dFCLBGZ42Z	2017-11-22T12:12:19.611Z	37132b759d08a2c5	3	rainy	2
2017-11-22T17:05:31.560Z	dfMoCBrHUk	2017-11-22T17:05:31.560Z	2dd51dad67db44fe	8	Average	7
2017-11-22T17:05:31.839Z	Azo7pcIy7G	2017-11-22T17:05:31.839Z	2dd51dad67db44fe	9	Crowded	7
2017-11-22T17:05:32.063Z	zfigcJd4NF	2017-11-22T17:05:32.063Z	2dd51dad67db44fe	10	Fast	7
2017-11-22T17:22:37.157Z	Q5369HGrTv	2017-11-22T17:22:37.157Z	2dd51dad67db44fe	11	Average	8
2017-11-22T17:22:37.346Z	C8JDEHDcry	2017-11-22T17:22:37.346Z	2dd51dad67db44fe	12	Quick	8
2017-11-22T17:22:37.548Z	vxcH2ymrcP	2017-11-22T17:22:37.548Z	2dd51dad67db44fe	13	Fast	8
2017-11-22T18:00:40.773Z	7uPzfYUYZs	2017-11-22T18:00:40.773Z	1fce815e794a07c8	49	Speedy	21
2017-11-22T18:00:40.993Z	9ISfnaA3jO	2017-11-22T18:00:40.993Z	1fce815e794a07c8	50	Risky	21
2017-11-22T18:00:41.203Z	s81A0udMqq	2017-11-22T18:00:41.203Z	1fce815e794a07c8	51	Inspiring	21
2017-11-22T18:09:12.696Z	M1zST8EMVB	2017-11-22T18:09:12.696Z	1fce815e794a07c8	52	Speedy	22
2017-11-22T18:09:12.926Z	V59PScAJCK	2017-11-22T18:09:12.926Z	1fce815e794a07c8	53	Risky	22
2017-11-22T18:09:13.115Z	aF5UslZ56C	2017-11-22T18:09:13.115Z	1fce815e794a07c8	54	Inspiring	22
2017-11-22T18:09:41.105Z	P9Uv9vO41U	2017-11-22T18:09:41.105Z	1fce815e794a07c8	55	Speedy	23
2017-11-22T18:09:41.297Z	kin4741hH7	2017-11-22T18:09:41.297Z	1fce815e794a07c8	56	Risky	23
2017-11-22T18:09:41.505Z	5zvxPKElxG	2017-11-22T18:09:41.505Z	1fce815e794a07c8	57	Inspiring	23
2017-08-14T10:30:16.359Z	YJCAocAFTV	2017-08-14T10:30:16.359Z	ce37e35d0ddb2ce8		test	66
2017-08-14T10:30:16.577Z	1o5cJ4KNAk	2017-08-14T10:30:16.577Z	ce37e35d0ddb2ce8		Light	66
2017-08-14T10:30:16.722Z	YhLZKaKl88	2017-08-14T10:30:16.722Z	ce37e35d0ddb2ce8		test	66
2017-08-14T15:50:21.243Z	oI4ESRJ3ef	2017-08-14T15:50:21.243Z	ce37e35d0ddb2ce8		Moderated	68
2017-08-14T15:50:21.365Z	3vFPVbjNjD	2017-08-14T15:50:21.365Z	ce37e35d0ddb2ce8		Quick	68
2017-08-14T15:50:21.480Z	ydFuPZA2TZ	2017-08-14T15:50:21.480Z	ce37e35d0ddb2ce8		Moderated	68
2017-08-14T17:26:16.568Z	9jDkMJFplH	2017-08-14T17:26:16.568Z	ce37e35d0ddb2ce8	1	first	69
2017-08-14T17:28:27.169Z	a2o16NulyC	2017-08-14T17:28:27.169Z	ce37e35d0ddb2ce8	1	Fast	70
2017-08-14T17:28:49.271Z	jQ2eBFSQQB	2017-08-14T17:28:49.271Z	ce37e35d0ddb2ce8	3	third	70
2017-08-14T17:29:17.756Z	za5vArQYdq	2017-08-14T17:29:17.756Z	ce37e35d0ddb2ce8	4	Fast	70
2017-08-14T17:33:23.656Z	KDJQafFZpP	2017-08-14T17:33:23.656Z	ce37e35d0ddb2ce8	5	new	71
2017-08-14T19:38:31.842Z	ulF9GmadpC	2017-08-14T19:38:31.842Z	ce37e35d0ddb2ce8	6	new	73
2017-08-16T12:57:14.757Z	OfhYa5BEOB	2017-08-16T12:57:14.757Z	ce37e35d0ddb2ce8	7	Disconnected	75
2017-08-16T12:57:14.899Z	bPD2w6yHMo	2017-08-16T12:57:14.899Z	ce37e35d0ddb2ce8	8	Secure	75
2017-08-16T12:57:15.060Z	pG2iA0AE52	2017-08-16T12:57:15.060Z	ce37e35d0ddb2ce8	9	Relaxed	75
2017-08-16T13:06:11.804Z	9Gg8rihbev	2017-08-16T13:06:11.804Z	ce37e35d0ddb2ce8	10	Average	76
2017-08-16T13:06:11.967Z	4YKzz5whPB	2017-08-16T13:06:11.967Z	ce37e35d0ddb2ce8	11	Normal	76
2017-08-16T13:06:12.120Z	hsFklrhvbG	2017-08-16T13:06:12.120Z	ce37e35d0ddb2ce8	12	Relaxed	76
2017-08-16T22:09:16.776Z	5x2zHdJepX	2017-08-16T22:09:16.776Z	ce37e35d0ddb2ce8	13	Brake-intensive	80
2017-08-16T22:09:16.953Z	IyQhkg8kFW	2017-08-16T22:09:16.953Z	ce37e35d0ddb2ce8	14	Secure	80
2017-08-16T22:09:17.220Z	b6A7sFEtxb	2017-08-16T22:09:17.220Z	ce37e35d0ddb2ce8	15	Slow-moving	80
2017-08-16T22:09:19.192Z	hMIEktpZWi	2017-08-16T22:09:19.192Z	ce37e35d0ddb2ce8	16	Moderated	82
2017-08-17T12:18:34.592Z	JpelYHl9El	2017-08-17T12:18:34.592Z	ce37e35d0ddb2ce8	17	Speedy	83
2017-08-17T12:18:34.779Z	F5CJ08JW4m	2017-08-17T12:18:34.779Z	ce37e35d0ddb2ce8	18	Crowded	83
2017-08-17T12:18:34.944Z	wVGyuqWDCE	2017-08-17T12:18:34.944Z	ce37e35d0ddb2ce8	19	Dull	83
2017-08-17T19:29:43.914Z	3bhDHygCsg	2017-08-17T19:29:43.914Z	ce37e35d0ddb2ce8	20	Sheltered	85
2017-08-17T19:29:44.144Z	IkGnKguJ84	2017-08-17T19:29:44.144Z	ce37e35d0ddb2ce8	21	Light	85
2017-08-17T19:29:44.386Z	L2HnbhqbuP	2017-08-17T19:29:44.386Z	ce37e35d0ddb2ce8	22	Fast	85
2017-08-18T10:31:15.077Z	O0KhyLVZRv	2017-08-18T10:31:15.077Z	43719b7c983f3578	1	test	1
2017-08-18T10:49:01.691Z	tzzPhhIQqC	2017-08-18T10:49:01.691Z	ce37e35d0ddb2ce8	23	New tag	88
2017-08-18T10:49:01.851Z	Sb2MBLpgX3	2017-08-18T10:49:01.851Z	ce37e35d0ddb2ce8	24	Worthy	88
2017-08-18T10:49:02.021Z	shnDyEhwLO	2017-08-18T10:49:02.021Z	ce37e35d0ddb2ce8	25	Moderated	88
2017-08-18T10:49:05.178Z	sA9viu2J15	2017-08-18T10:49:05.178Z	ce37e35d0ddb2ce8	26	moisty	89
2017-08-18T10:49:05.333Z	70udcCMZiq	2017-08-18T10:49:05.333Z	ce37e35d0ddb2ce8	27	Worthy	89
2017-08-18T10:49:05.488Z	09Al8Cqy9W	2017-08-18T10:49:05.488Z	ce37e35d0ddb2ce8	28	Fast	89
2017-08-18T20:52:22.306Z	qgnWRP4vBQ	2017-08-18T20:52:22.306Z	43719b7c983f3578	1	Hazardous	1
2017-08-18T20:52:22.558Z	pzHElE45dr	2017-08-18T20:52:22.558Z	43719b7c983f3578	2	rainy	1
2017-08-18T20:52:22.753Z	wcnM58hvsh	2017-08-18T20:52:22.753Z	43719b7c983f3578	3	wet	1
2017-08-19T17:34:28.129Z	X72EnHZgD1	2017-08-19T17:34:28.129Z	43719b7c983f3578	1	app	2
2017-08-19T17:34:28.269Z	Zxkl6AONty	2017-08-19T17:34:28.269Z	43719b7c983f3578	2	the	2
2017-08-19T17:34:28.407Z	0AQDuGaLHm	2017-08-19T17:34:28.407Z	43719b7c983f3578	3	testing	2
2017-08-19T17:34:31.372Z	fb6AoiDNP0	2017-08-19T17:34:31.372Z	ce37e35d0ddb2ce8	1	well	4
2017-08-19T17:34:31.534Z	Y2vesRZOrs	2017-08-19T17:34:31.534Z	ce37e35d0ddb2ce8	2	as	4
2017-08-19T17:34:31.713Z	rXhG75fu77	2017-08-19T17:34:31.713Z	ce37e35d0ddb2ce8	3	here	4
2017-08-19T17:37:20.345Z	U3JeHNZW02	2017-08-19T17:37:20.345Z	43719b7c983f3578	1	works	3
2017-08-19T17:37:20.496Z	CP5fpxbitd	2017-08-19T17:37:20.496Z	43719b7c983f3578	2	it	3
2017-08-19T18:56:04.546Z	MAN08TC1Lg	2017-08-19T18:56:04.546Z	43719b7c983f3578	3	Hazardous	4
2017-08-19T18:56:04.841Z	ESEQoeUMOz	2017-08-19T18:56:04.841Z	43719b7c983f3578	4	Time-consuming	4
2017-08-19T18:56:05.056Z	wdBGCXjHX1	2017-08-19T18:56:05.056Z	43719b7c983f3578	5	Moderated	4
2017-08-20T02:37:56.926Z	BnARCpksYu	2017-08-20T02:37:56.926Z	43719b7c983f3578	6	Efficient	5
2017-08-20T02:37:58.171Z	bAEAo3Hh5r	2017-08-20T02:37:58.171Z	43719b7c983f3578	7	Normal	5
2017-08-20T02:37:59.430Z	uOAR2eBQOJ	2017-08-20T02:37:59.430Z	43719b7c983f3578	8	Fast	5
2017-08-20T12:49:13.751Z	PPt6PEiPwp	2017-08-20T12:49:13.751Z	43719b7c983f3578	9	Fast	6
2017-08-21T08:46:06.099Z	OZAZr1VxJH	2017-08-21T08:46:06.099Z	43719b7c983f3578	10	Speedy	7
2017-08-21T08:46:06.255Z	mFgT8kwmXz	2017-08-21T08:46:06.255Z	43719b7c983f3578	11	Light	7
2017-08-21T08:46:06.415Z	IJwCQ9h0ZW	2017-08-21T08:46:06.415Z	43719b7c983f3578	12	Fast	7
2017-08-21T09:02:52.589Z	0F4Nx01DRV	2017-08-21T09:02:52.589Z	43719b7c983f3578	13	Efficient	8
2017-08-21T09:02:52.791Z	uBNraoI0JV	2017-08-21T09:02:52.791Z	43719b7c983f3578	14	Quick	8
2017-08-21T09:02:52.999Z	C7qv43UP7k	2017-08-21T09:02:52.999Z	43719b7c983f3578	15	Fast	8
2017-08-22T07:27:06.345Z	gXrzz3y0NF	2017-08-22T07:27:06.345Z	43719b7c983f3578	16	Disconnected	9
2017-08-22T07:27:06.503Z	pzYaUyvTOe	2017-08-22T07:27:06.503Z	43719b7c983f3578	17	sunny	9
2017-08-22T07:27:06.690Z	8A2cxFSO0K	2017-08-22T07:27:06.690Z	43719b7c983f3578	18	calmed	9
2017-08-23T08:10:29.860Z	42UF5weS3u	2017-08-23T08:10:29.860Z	43719b7c983f3578	19	Speedy	10
2017-08-23T08:10:30.370Z	4DkB27gteh	2017-08-23T08:10:30.370Z	43719b7c983f3578	20	Light	10
2017-08-23T08:10:30.547Z	AwPcXL2Vpu	2017-08-23T08:10:30.547Z	43719b7c983f3578	21	Fast	10
2017-08-23T08:24:38.762Z	2ICNqsZk1Z	2017-08-23T08:24:38.762Z	ce37e35d0ddb2ce8	1	quiet	5
2017-08-23T18:20:24.779Z	BsceL8s8OF	2017-08-23T18:20:24.779Z	43719b7c983f3578	22	Disconnected	11
2017-08-23T18:20:24.946Z	oNz0V1ERJ1	2017-08-23T18:20:24.946Z	43719b7c983f3578	23	clear	11
2017-08-23T18:20:25.127Z	SeUn6VwXst	2017-08-23T18:20:25.127Z	43719b7c983f3578	24	sunny	11
2017-08-24T10:06:01.683Z	1wjbmrVUyh	2017-08-24T10:06:01.683Z	ce37e35d0ddb2ce8	1	Efficient	6
2017-08-24T10:06:01.832Z	GPMu7KC1pE	2017-08-24T10:06:01.832Z	ce37e35d0ddb2ce8	2	Normal	6
2017-08-24T10:06:01.977Z	QtuTzpiSBS	2017-08-24T10:06:01.977Z	ce37e35d0ddb2ce8	3	Moderated	6
2017-08-25T08:28:34.216Z	kwy3D2Y74u	2017-08-25T08:28:34.216Z	43719b7c983f3578	25	warm	12
2017-08-25T08:28:34.341Z	uCex8EmHfj	2017-08-25T08:28:34.341Z	43719b7c983f3578	26	urban	12
2017-08-25T08:28:34.474Z	mBCklE9hnb	2017-08-25T08:28:34.474Z	43719b7c983f3578	27	relaxed	12
2017-08-25T16:57:39.199Z	HY9PdIzdvR	2017-08-25T16:57:39.199Z	43719b7c983f3578	28	Speedy	12
2017-08-25T16:57:39.589Z	vqz9pUe6X7	2017-08-25T16:57:39.589Z	43719b7c983f3578	29	tiring	12
2017-08-25T16:57:39.937Z	soBQUtlqGO	2017-08-25T16:57:39.937Z	43719b7c983f3578	30	Fast	12
2017-08-25T16:57:49.105Z	YTbJ2H22jO	2017-08-25T16:57:49.105Z	43719b7c983f3578	31	Brake-intensive	12
2017-08-25T16:57:49.597Z	WevSd5lAs6	2017-08-25T16:57:49.597Z	43719b7c983f3578	32	Worthy	12
2017-08-25T16:57:49.945Z	YzUIvNEdvu	2017-08-25T16:57:49.945Z	43719b7c983f3578	33	Slow-moving	12
2017-08-25T17:09:44.382Z	EmASjpCZ6C	2017-08-25T17:09:44.382Z	ce37e35d0ddb2ce8	4	pleasant	6
2017-08-25T17:09:44.554Z	IjBWi33LyH	2017-08-25T17:09:44.554Z	ce37e35d0ddb2ce8	5	quiet	6
2017-08-25T17:09:44.688Z	lDz28aJ1Op	2017-08-25T17:09:44.688Z	ce37e35d0ddb2ce8	6	long	6
2017-08-25T17:22:07.874Z	qJFxi3sBwt	2017-08-25T17:22:07.874Z	43719b7c983f3578	34	Speedy	12
2017-08-25T17:22:08.045Z	hWG6bWw0ye	2017-08-25T17:22:08.045Z	43719b7c983f3578	35	dark	12
2017-08-25T17:22:08.254Z	wpdPkL6w3V	2017-08-25T17:22:08.254Z	43719b7c983f3578	36	Fast	12
2017-08-25T19:00:25.519Z	d5xbZjV6Py	2017-08-25T19:00:25.519Z	ce37e35d0ddb2ce8	7	Disconnected	6
2017-08-25T19:00:25.651Z	DdzNTsqxeI	2017-08-25T19:00:25.651Z	ce37e35d0ddb2ce8	8	Light	6
2017-08-25T19:00:25.866Z	BUerPQgpwd	2017-08-25T19:00:25.866Z	ce37e35d0ddb2ce8	9	warm	6
2017-08-27T10:35:00.536Z	GuyCJGxRzT	2017-08-27T10:35:00.536Z	43719b7c983f3578	37	Hazardous	13
2017-08-27T10:35:00.722Z	3IKLyFLgWe	2017-08-27T10:35:00.722Z	43719b7c983f3578	38	Worthy	13
2017-08-27T10:35:00.956Z	TfR5mB2Srv	2017-08-27T10:35:00.956Z	43719b7c983f3578	39	Fast	13
2017-08-29T07:14:43.519Z	Aq49HGKpKl	2017-08-29T07:14:43.519Z	43719b7c983f3578	40	brake	13
2017-08-29T07:14:45.571Z	Ms7zoSU01d	2017-08-29T07:14:45.571Z	43719b7c983f3578	41	Light	13
2017-08-29T07:14:46.678Z	mFHu9NB3WP	2017-08-29T07:14:46.678Z	43719b7c983f3578	42	Fast	13
2017-08-29T07:36:45.574Z	sR4d8127dM	2017-08-29T07:36:45.574Z	ce37e35d0ddb2ce8	10	Brake-intensive	7
2017-08-29T07:36:46.313Z	FRKS8V1nDk	2017-08-29T07:36:46.313Z	ce37e35d0ddb2ce8	11	Quick	7
2017-08-29T07:36:47.774Z	Ce79B7REtV	2017-08-29T07:36:47.774Z	ce37e35d0ddb2ce8	12	Fast	7
2017-08-29T12:20:20.909Z	uFB5pmrbTg	2017-08-29T12:20:20.909Z	43719b7c983f3578	43	fast	13
2017-08-29T12:20:21.085Z	P89c3ciP6b	2017-08-29T12:20:21.085Z	43719b7c983f3578	44	Quick	13
2017-08-29T12:20:21.213Z	MJ6gnTczDY	2017-08-29T12:20:21.213Z	43719b7c983f3578	45	Moderated	13
2017-08-29T12:29:17.514Z	tbxpzIPON1	2017-08-29T12:29:17.514Z	43719b7c983f3578	46	out	14
2017-08-29T12:29:17.642Z	83J4c5D0Sg	2017-08-29T12:29:17.642Z	43719b7c983f3578	47	Secure	14
2017-08-29T12:29:17.782Z	P1ib07matz	2017-08-29T12:29:17.782Z	43719b7c983f3578	48	Inspiring	14
2017-08-29T12:41:23.938Z	KM3gLMGPpZ	2017-08-29T12:41:23.938Z	43719b7c983f3578	49	green	14
2017-08-29T12:41:24.292Z	fSjlHVnOQT	2017-08-29T12:41:24.292Z	43719b7c983f3578	50	forest	14
2017-08-29T12:41:24.582Z	gUMXb63BAZ	2017-08-29T12:41:24.582Z	43719b7c983f3578	51	natural	14
2017-08-29T12:45:31.614Z	VliXciZ0NZ	2017-08-29T12:45:31.614Z	43719b7c983f3578	52	dark	14
2017-08-29T12:45:31.745Z	hcNvyTOcHJ	2017-08-29T12:45:31.745Z	43719b7c983f3578	53	pleasant	14
2017-08-29T12:45:32.484Z	m4w3OhDQHe	2017-08-29T12:45:32.484Z	43719b7c983f3578	52	Speedy	14
2017-08-29T12:45:32.621Z	fpxacTBtD8	2017-08-29T12:45:32.621Z	43719b7c983f3578	53	Light	14
2017-08-29T12:45:32.764Z	q1yUS32pdF	2017-08-29T12:45:32.764Z	43719b7c983f3578	54	Fast	14
2017-08-29T12:49:30.409Z	zdIoNMITk0	2017-08-29T12:49:30.409Z	43719b7c983f3578	55	Average	14
2017-08-29T12:49:30.652Z	3XTYCIT3Xd	2017-08-29T12:49:30.652Z	43719b7c983f3578	56	people	14
2017-08-29T12:49:30.860Z	XqxGAtkW4Z	2017-08-29T12:49:30.860Z	43719b7c983f3578	57	sunny	14
2017-08-29T12:53:20.935Z	73D8F64Zfr	2017-08-29T12:53:20.935Z	43719b7c983f3578	58	Enough	14
2017-08-29T12:53:21.076Z	Q1XlOlMkDv	2017-08-29T12:53:21.076Z	43719b7c983f3578	59	Light	14
2017-08-29T12:53:21.213Z	2eOkbmTCyu	2017-08-29T12:53:21.213Z	43719b7c983f3578	60	Moderated	14
2017-08-29T17:11:53.955Z	AwdkeuHoDT	2017-08-29T17:11:53.955Z	e56242e9404d2053	1	Disconnected	1
2017-08-29T17:11:54.117Z	gp9FvDCKJa	2017-08-29T17:11:54.117Z	e56242e9404d2053	2	invalid	1
2017-08-29T17:11:54.398Z	geC5SWUvxf	2017-08-29T17:11:54.398Z	e56242e9404d2053	3	short	1
2017-08-29T17:19:43.873Z	Zx2i41Abc2	2017-08-29T17:19:43.873Z	43719b7c983f3578	61	crashed	15
2017-08-29T17:19:44.049Z	cKvHDvIcPq	2017-08-29T17:19:44.049Z	43719b7c983f3578	62	failed	15
2017-08-29T17:30:41.989Z	3rlmEX4T6W	2017-08-29T17:30:41.989Z	ce37e35d0ddb2ce8	13	Disconnected	7
2017-08-29T17:30:42.163Z	9naaSeXGh6	2017-08-29T17:30:42.163Z	ce37e35d0ddb2ce8	14	Light	7
2017-08-29T17:30:42.357Z	iwH4qGWSms	2017-08-29T17:30:42.357Z	ce37e35d0ddb2ce8	15	Fast	7
2017-08-29T17:30:46.565Z	IOt9B5HoC6	2017-08-29T17:30:46.565Z	ce37e35d0ddb2ce8	16	Brake-intensive	8
2017-08-29T17:30:46.715Z	l788Al89JE	2017-08-29T17:30:46.715Z	ce37e35d0ddb2ce8	17	Quick	8
2017-08-29T17:30:46.888Z	ulot2CNH1b	2017-08-29T17:30:46.888Z	ce37e35d0ddb2ce8	18	Fast	8
2017-08-29T17:36:06.893Z	YplhPlVkn5	2017-08-29T17:36:06.893Z	ce37e35d0ddb2ce8	19	speedy	9
2017-08-29T17:36:07.063Z	okalT8LsGH	2017-08-29T17:36:07.063Z	ce37e35d0ddb2ce8	20	Quick	9
2017-08-29T17:36:07.253Z	mM4hDjAlxx	2017-08-29T17:36:07.253Z	ce37e35d0ddb2ce8	21	Fast	9
2017-08-29T18:44:49.732Z	zFfPb1ZDHX	2017-08-29T18:44:49.732Z	e56242e9404d2053	4	Enough	3
2017-08-29T18:44:49.989Z	FcDAny7SCo	2017-08-29T18:44:49.989Z	e56242e9404d2053	5	Quick	3
2017-08-29T18:44:50.190Z	I9E6cJ4Tfe	2017-08-29T18:44:50.190Z	e56242e9404d2053	6	Slow-moving	3
2017-08-29T18:51:11.974Z	n2WDBECLRZ	2017-08-29T18:51:11.974Z	ce37e35d0ddb2ce8	22	Speedy	7
2017-08-29T18:51:12.197Z	p7aYHUZdef	2017-08-29T18:51:12.197Z	ce37e35d0ddb2ce8	23	Quick	7
2017-08-29T18:51:12.408Z	lDHArDni2V	2017-08-29T18:51:12.408Z	ce37e35d0ddb2ce8	24	Fast	7
2017-08-30T08:06:10.345Z	stv80SZfQy	2017-08-30T08:06:10.345Z	43719b7c983f3578	63	Brake-intensive	17
2017-08-30T08:06:10.470Z	FoMwRwpW48	2017-08-30T08:06:10.470Z	43719b7c983f3578	64	Time-consuming	17
2017-08-30T08:06:10.601Z	CXcUOJ6Oo0	2017-08-30T08:06:10.601Z	43719b7c983f3578	65	slow	17
2017-08-30T08:12:19.213Z	zFkSgurs06	2017-08-30T08:12:19.213Z	43719b7c983f3578	66	Sheltered	18
2017-08-30T08:12:19.345Z	WbvHyc9ge2	2017-08-30T08:12:19.345Z	43719b7c983f3578	67	Worthy	18
2017-08-30T08:12:19.475Z	PfwX0zFDlC	2017-08-30T08:12:19.475Z	43719b7c983f3578	68	moisty	18
2017-08-30T16:27:08.561Z	z6stwx7spb	2017-08-30T16:27:08.561Z	d0a4ba3392a1da52	1	Fast	1
2017-08-30T16:41:47.946Z	AdM6QmMX1l	2017-08-30T16:41:47.946Z	d0a4ba3392a1da52	1	Efficient	3
2017-08-30T16:41:48.112Z	OZ5tH0qRU0	2017-08-30T16:41:48.112Z	d0a4ba3392a1da52	2	Quick	3
2017-08-30T16:41:48.291Z	y4TxMmRX47	2017-08-30T16:41:48.291Z	d0a4ba3392a1da52	3	Fast	3
2017-08-30T16:43:00.991Z	BpqQ1mHbBD	2017-08-30T16:43:00.991Z	d0a4ba3392a1da52	4	Efficient	4
2017-08-30T16:43:01.150Z	ljRf52fz0S	2017-08-30T16:43:01.150Z	d0a4ba3392a1da52	5	Time-consuming	4
2017-08-30T16:43:01.304Z	3su5B66Hrs	2017-08-30T16:43:01.304Z	d0a4ba3392a1da52	6	Moderated	4
2017-08-30T16:46:06.317Z	gshLyKbCV6	2017-08-30T16:46:06.317Z	d0a4ba3392a1da52	7	Efficient	5
2017-08-30T16:46:06.465Z	SNjU6tM9eR	2017-08-30T16:46:06.465Z	d0a4ba3392a1da52	8	Normal	5
2017-08-30T16:46:06.614Z	Zip18AFTRH	2017-08-30T16:46:06.614Z	d0a4ba3392a1da52	9	Fast	5
2017-08-30T17:14:21.504Z	dZzGKige3J	2017-08-30T17:14:21.504Z	d0a4ba3392a1da52	10	Brake-intensive	7
2017-08-30T17:14:21.630Z	2OBdyuUK5F	2017-08-30T17:14:21.630Z	d0a4ba3392a1da52	11	Awesome	7
2017-08-30T17:14:21.757Z	CCrUh6CC0u	2017-08-30T17:14:21.757Z	d0a4ba3392a1da52	12	Fast	7
2017-09-01T14:43:20.909Z	YvvT6AfkjQ	2017-09-01T14:43:20.909Z	ce37e35d0ddb2ce8	1	test	19
2017-09-01T14:53:29.576Z	LTkfzYgmeA	2017-09-01T14:53:29.576Z	e56242e9404d2053	1	Test	6
2017-09-01T14:53:29.742Z	Y416AjXJAI	2017-09-01T14:53:29.742Z	e56242e9404d2053	2	Fast	6
2017-09-01T15:26:15.204Z	z9BYVMsvLE	2017-09-01T15:26:15.204Z	e56242e9404d2053	1	test	7
2017-09-01T15:56:33.600Z	Txx0dq6Ue3	2017-09-01T15:56:33.600Z	43719b7c983f3578	25	warm	12
2017-09-01T15:56:33.722Z	3c4dh2iT7y	2017-09-01T15:56:33.722Z	43719b7c983f3578	26	urban	12
2017-09-01T15:56:33.858Z	iSzroo5b4V	2017-09-01T15:56:33.858Z	43719b7c983f3578	27	relaxed	12
2017-09-02T18:17:02.842Z	oSdNc8gdDn	2017-09-02T18:17:02.842Z	e56242e9404d2053	1	Efficient	10
2017-09-02T18:17:03.015Z	F91LHvAG3T	2017-09-02T18:17:03.015Z	e56242e9404d2053	2	Quick	10
2017-09-02T18:17:03.226Z	M6OOFl4pwk	2017-09-02T18:17:03.226Z	e56242e9404d2053	3	Fast	10
2017-09-02T18:21:29.473Z	1THW66MXPM	2017-09-02T18:21:29.473Z	ce37e35d0ddb2ce8	1	Average	21
2017-09-02T18:21:29.672Z	XD5t43Dwna	2017-09-02T18:21:29.672Z	ce37e35d0ddb2ce8	2	Normal	21
2017-09-02T18:21:29.878Z	AGCNzIqoxA	2017-09-02T18:21:29.878Z	ce37e35d0ddb2ce8	3	Moderated	21
2017-09-02T19:15:36.809Z	XAcfNAErRo	2017-09-02T19:15:36.809Z	43719b7c983f3578	25	warm	12
2017-09-02T19:15:37.042Z	KFIa5BlGvA	2017-09-02T19:15:37.042Z	43719b7c983f3578	26	urban	12
2017-09-02T19:15:37.288Z	kEtVyvU6k3	2017-09-02T19:15:37.288Z	43719b7c983f3578	27	relaxed	12
2017-09-03T01:45:32.486Z	ykD1sf81AQ	2017-09-03T01:45:32.486Z	43719b7c983f3578	28	Efficient	22
2017-09-03T01:45:32.646Z	KjszlrJlZM	2017-09-03T01:45:32.646Z	43719b7c983f3578	29	windy	22
2017-09-03T01:45:32.812Z	UH4Gr3csZN	2017-09-03T01:45:32.812Z	43719b7c983f3578	30	Fast	22
2017-09-04T20:34:42.929Z	nAz4xLCvEh	2017-09-04T20:34:42.929Z	ce37e35d0ddb2ce8	1	Enough	23
2017-09-04T20:34:43.129Z	jYxEGygEl5	2017-09-04T20:34:43.129Z	ce37e35d0ddb2ce8	2	Crowded	23
2017-09-04T20:34:43.307Z	N4OfSd60XN	2017-09-04T20:34:43.307Z	ce37e35d0ddb2ce8	3	Fast	23
2017-09-04T20:37:02.912Z	yVG22A1WlB	2017-09-04T20:37:02.912Z	43719b7c983f3578	1	Speedy	25
2017-09-04T20:37:03.102Z	E4mrEVCnSF	2017-09-04T20:37:03.102Z	43719b7c983f3578	2	curvy	25
2017-09-04T20:37:03.284Z	aPURzDDXx9	2017-09-04T20:37:03.284Z	43719b7c983f3578	3	Fast	25
2017-09-05T10:25:30.477Z	KDyrQ6MVyh	2017-09-05T10:25:30.477Z	1adf6bdbbb6f317b	1	Gefährlich	1
2017-09-05T10:25:30.656Z	7juFVQgYuT	2017-09-05T10:25:30.656Z	1adf6bdbbb6f317b	2	"Pendeln "	1
2017-09-05T10:25:30.910Z	UwHnC30bS7	2017-09-05T10:25:30.910Z	1adf6bdbbb6f317b	3	Schnell	1
2017-09-05T10:31:13.042Z	ScgUm28Tnm	2017-09-05T10:31:13.042Z	1adf6bdbbb6f317b	4	Gefährlich	2
2017-09-05T10:31:13.331Z	7y5A3pKIgX	2017-09-05T10:31:13.331Z	1adf6bdbbb6f317b	5	Schnell	2
2017-09-06T18:47:19.869Z	bFtDTd3TIC	2017-09-06T18:47:19.869Z	ce37e35d0ddb2ce8	4	Brake-intensive	24
2017-09-06T18:47:19.973Z	jCgaRh4Mk2	2017-09-06T18:47:19.973Z	ce37e35d0ddb2ce8	5	Time-consuming	24
2017-09-06T18:47:20.094Z	1AdE4Zc1ZT	2017-09-06T18:47:20.094Z	ce37e35d0ddb2ce8	6	long	24
2017-09-06T18:47:21.849Z	IitZXykwTM	2017-09-06T18:47:21.849Z	ce37e35d0ddb2ce8	7	Normal	24
2017-09-06T18:47:21.996Z	Vcd5oRikaP	2017-09-06T18:47:21.996Z	ce37e35d0ddb2ce8	8	Fast	24
2017-09-06T19:42:27.849Z	e3OGvGAtJQ	2017-09-06T19:42:27.849Z	ce37e35d0ddb2ce8	9	"rainy "	25
2017-09-06T19:42:28.028Z	WJ6KyNBFYb	2017-09-06T19:42:28.028Z	ce37e35d0ddb2ce8	10	cold	25
2017-09-06T19:42:28.180Z	bv4S5VGOGZ	2017-09-06T19:42:28.180Z	ce37e35d0ddb2ce8	11	dark	25
2017-09-07T08:04:03.807Z	6NtK6eMG5D	2017-09-07T08:04:03.807Z	ce37e35d0ddb2ce8	12	Efficient	26
2017-09-07T08:04:03.938Z	hd8OCXGLYW	2017-09-07T08:04:03.938Z	ce37e35d0ddb2ce8	13	flat	26
2017-09-07T08:04:04.083Z	sBM8HUjj2k	2017-09-07T08:04:04.083Z	ce37e35d0ddb2ce8	14	Fast	26
2017-09-07T09:52:51.063Z	mN8USGdBbC	2017-09-07T09:52:51.063Z	43719b7c983f3578	4	long	27
2017-09-07T09:52:51.202Z	KKVn2RadWx	2017-09-07T09:52:51.202Z	43719b7c983f3578	5	slow	27
2017-09-07T09:52:51.350Z	pC01rGVoUf	2017-09-07T09:52:51.350Z	43719b7c983f3578	6	crowded	27
2017-09-07T10:36:10.765Z	Sr7f1BJTom	2017-09-07T10:36:10.765Z	43719b7c983f3578	7	Moderated	28
2017-09-07T14:30:56.175Z	QbSyfGn6ZH	2017-09-07T14:30:56.175Z	e56242e9404d2053	1	Enough	12
2017-09-07T14:30:56.555Z	Ul6Y2iaNOn	2017-09-07T14:30:56.555Z	e56242e9404d2053	2	dark	12
2017-09-07T14:30:56.975Z	zEo3y2dOQ1	2017-09-07T14:30:56.975Z	e56242e9404d2053	3	Fast	12
2017-09-07T14:38:37.140Z	DM9rpNx75B	2017-09-07T14:38:37.140Z	e56242e9404d2053	4	Dull	13
2017-09-08T14:41:05.473Z	0fqLeHgvc1	2017-09-08T14:41:05.473Z	ce37e35d0ddb2ce8	1	slowdown	27
2017-09-08T15:08:17.169Z	ErNKHt8DmP	2017-09-08T15:08:17.169Z	1adf6bdbbb6f317b	6	good	5
2017-09-08T15:08:17.347Z	X3gTlIvrJ5	2017-09-08T15:08:17.347Z	1adf6bdbbb6f317b	7	Sanft	5
2017-09-08T15:08:17.491Z	Jb2Q7YttfV	2017-09-08T15:08:17.491Z	1adf6bdbbb6f317b	8	Inspirierend	5
2017-09-08T16:26:06.817Z	MiFnFwCS50	2017-09-08T16:26:06.817Z	43719b7c983f3578	8	weird	30
2017-09-08T17:08:04.401Z	2sUYaxladw	2017-09-08T17:08:04.401Z	14571aeb92ef00fd	1	Risky	5
2017-09-08T17:08:05.104Z	ghvqE2MI2x	2017-09-08T17:08:05.104Z	14571aeb92ef00fd	2	Fast	5
2017-09-08T17:31:02.619Z	8S8Q6YEzme	2017-09-08T17:31:02.619Z	e56242e9404d2053	5	Moderated	14
2017-09-08T17:55:53.402Z	KJMlCoAhvh	2017-09-08T17:55:53.402Z	43719b7c983f3578	9	Efficient	31
2017-09-08T17:55:53.722Z	rwZAwbP3w1	2017-09-08T17:55:53.722Z	43719b7c983f3578	10	Worthy	31
2017-09-08T17:55:54.072Z	Nm833C3gWn	2017-09-08T17:55:54.072Z	43719b7c983f3578	11	Fast	31
2017-09-08T17:56:39.739Z	DM7D3hDpUU	2017-09-08T17:56:39.739Z	e56242e9404d2053	6	Efficient	15
2017-09-08T17:56:40.569Z	JsmXqfO7RR	2017-09-08T17:56:40.569Z	e56242e9404d2053	7	Light	15
2017-09-08T17:56:41.439Z	8BlHjZ4Xy7	2017-09-08T17:56:41.439Z	e56242e9404d2053	8	Moderated	15
2017-09-08T18:07:59.838Z	6gz1Pj00KR	2017-09-08T18:07:59.838Z	e56242e9404d2053	9	effiient	16
2017-09-08T18:08:00.060Z	q4MDBVeaFh	2017-09-08T18:08:00.060Z	e56242e9404d2053	10	short	16
2017-09-08T18:08:01.867Z	pNcAlumxSd	2017-09-08T18:08:01.867Z	ce37e35d0ddb2ce8	15	Efficient	29
2017-09-08T18:08:02.026Z	ANE6cPeMYA	2017-09-08T18:08:02.026Z	ce37e35d0ddb2ce8	16	Quick	29
2017-09-08T18:08:02.209Z	a9juSuZSUA	2017-09-08T18:08:02.209Z	ce37e35d0ddb2ce8	17	Fast	29
2017-09-08T18:08:26.915Z	HsQoY5u2xh	2017-09-08T18:08:26.915Z	43719b7c983f3578	12	cold	33
2017-09-08T18:08:27.195Z	3XWHxxhq7t	2017-09-08T18:08:27.195Z	43719b7c983f3578	13	Fast	33
2017-09-08T18:09:11.140Z	9cAGY0cFIL	2017-09-08T18:09:11.140Z	ce37e35d0ddb2ce8	18	Worthy	30
2017-09-08T18:09:11.345Z	FEIVvW6XMZ	2017-09-08T18:09:11.345Z	ce37e35d0ddb2ce8	19	Moderated	30
2017-09-08T19:29:58.066Z	NMo3BiBefy	2017-09-08T19:29:58.066Z	14571aeb92ef00fd	3	Time-consuming	6
2017-09-08T19:29:58.230Z	sqLBFFkCpk	2017-09-08T19:29:58.230Z	14571aeb92ef00fd	4	Moderated	6
2017-09-09T09:58:45.054Z	tCXqLN9JE0	2017-09-09T09:58:45.054Z	43719b7c983f3578	14	Dull	34
2017-09-09T11:16:04.199Z	pFC5gNw7mv	2017-09-09T11:16:04.199Z	43719b7c983f3578	15	Brake-intensive	35
2017-09-09T11:16:04.406Z	AGLdPYDLwu	2017-09-09T11:16:04.406Z	43719b7c983f3578	16	long	35
2017-09-09T11:16:04.598Z	fFysMi3juo	2017-09-09T11:16:04.598Z	43719b7c983f3578	17	fun	35
2017-09-09T11:36:41.855Z	QLOg5himiE	2017-09-09T11:36:41.855Z	43719b7c983f3578	18	Fast	36
2017-09-09T12:51:40.535Z	5WaVxPCTi0	2017-09-09T12:51:40.535Z	ce37e35d0ddb2ce8	20	Average	33
2017-09-09T12:51:40.687Z	EED5IBECVd	2017-09-09T12:51:40.687Z	ce37e35d0ddb2ce8	21	fun	33
2017-09-09T12:51:40.799Z	H73x5sHTNV	2017-09-09T12:51:40.799Z	ce37e35d0ddb2ce8	22	Moderated	33
2017-09-09T13:34:12.201Z	DAmZAWuAHy	2017-09-09T13:34:12.201Z	14571aeb92ef00fd	5	Hazardous	7
2017-09-09T13:34:12.297Z	5HVsGLOf6k	2017-09-09T13:34:12.297Z	14571aeb92ef00fd	6	Risky	7
2017-09-09T13:34:12.566Z	XKwi7q23UK	2017-09-09T13:34:12.566Z	14571aeb92ef00fd	7	Slow-moving	7
2017-09-09T14:16:59.596Z	eTvwwMlEaz	2017-09-09T14:16:59.596Z	43719b7c983f3578	19	Brake-intensive	37
2017-09-09T14:16:59.776Z	P0IMF1TFNu	2017-09-09T14:16:59.776Z	43719b7c983f3578	20	Crowded	37
2017-09-09T14:16:59.937Z	9dkpqlr3gS	2017-09-09T14:16:59.937Z	43719b7c983f3578	21	Safe	37
2017-09-09T14:25:19.816Z	5Jg9OpDDmD	2017-09-09T14:25:19.816Z	43719b7c983f3578	22	Fast	38
2017-09-09T16:25:53.771Z	iL4RvNucNZ	2017-09-09T16:25:53.771Z	43719b7c983f3578	23	Dull	39
2017-09-09T16:36:29.978Z	tZdXlA8eJ2	2017-09-09T16:36:29.978Z	ce37e35d0ddb2ce8	1	Dull	35
2017-09-09T18:59:20.986Z	qWYYqUpLKw	2017-09-09T18:59:20.986Z	14571aeb92ef00fd	8	Average	8
2017-09-09T18:59:21.717Z	KHzCs7rORu	2017-09-09T18:59:21.717Z	14571aeb92ef00fd	9	Light	8
2017-09-09T18:59:21.970Z	2LzWKo2DrX	2017-09-09T18:59:21.970Z	14571aeb92ef00fd	10	Moderated	8
2017-09-09T20:28:17.777Z	jRrZK2LhV6	2017-09-09T20:28:17.777Z	ce37e35d0ddb2ce8	15	Fast	37
2017-09-10T11:33:12.554Z	msriSlvPLD	2017-09-10T11:33:12.554Z	43719b7c983f3578	1	Slow-moving	41
2017-09-10T11:50:53.424Z	Wy5n0n9GBe	2017-09-10T11:50:53.424Z	43719b7c983f3578	1	Slow-moving	42
2017-09-10T11:51:01.086Z	4XtvG5v3D3	2017-09-10T11:51:01.086Z	e56242e9404d2053	1	Slow-moving	18
2017-09-10T11:51:18.473Z	QHprgfu8lC	2017-09-10T11:51:18.473Z	ce37e35d0ddb2ce8	15	Moderated	40
2017-09-10T13:01:42.214Z	5UZ05REGq2	2017-09-10T13:01:42.214Z	14571aeb92ef00fd	11	Enough	9
2017-09-10T13:01:42.924Z	Gm3aZMWB3A	2017-09-10T13:01:42.924Z	14571aeb92ef00fd	12	Worthy	9
2017-09-10T13:01:43.452Z	Aa5880GBXM	2017-09-10T13:01:43.452Z	14571aeb92ef00fd	13	Slow-moving	9
2017-09-10T17:06:21.290Z	mtHTCOlqx9	2017-09-10T17:06:21.290Z	ce37e35d0ddb2ce8	1	"rainy "	43
2017-09-10T17:06:21.549Z	LRBucq9abU	2017-09-10T17:06:21.549Z	ce37e35d0ddb2ce8	2	cold	43
2017-09-10T18:59:33.106Z	KDq3t185jT	2017-09-10T18:59:33.106Z	14571aeb92ef00fd	14	Slow-moving	10
2017-09-11T11:42:27.366Z	HX3xma5RHB	2017-09-11T11:42:27.366Z	e56242e9404d2053	1	Dull	21
2017-09-11T15:30:12.673Z	DPa72i5GEm	2017-09-11T15:30:12.673Z	e2ff1ed10162056f	1	Effizient	2
2017-09-11T15:30:13.462Z	GKO4OXvUox	2017-09-11T15:30:13.462Z	e2ff1ed10162056f	2	Angemessen	2
2017-09-11T15:30:13.634Z	DiliZNCzEk	2017-09-11T15:30:13.634Z	e2ff1ed10162056f	3	Mäßig	2
2017-09-12T16:21:11.406Z	0zAVn2sBQ8	2017-09-12T16:21:11.406Z	ce37e35d0ddb2ce8	1	Speedy	56
2017-09-12T16:21:11.625Z	sHb765JDi9	2017-09-12T16:21:11.625Z	ce37e35d0ddb2ce8	2	Normal	56
2017-09-12T16:21:11.863Z	JPQrNQ6OAr	2017-09-12T16:21:11.863Z	ce37e35d0ddb2ce8	3	Slow-moving	56
2017-09-12T16:21:24.676Z	SJ9sGsfdik	2017-09-12T16:21:24.676Z	e56242e9404d2053	1	Efficient	23
2017-09-12T16:21:24.873Z	klVCPkb1uL	2017-09-12T16:21:24.873Z	e56242e9404d2053	2	Normal	23
2017-09-12T16:21:25.094Z	KqEVC3Juoj	2017-09-12T16:21:25.094Z	e56242e9404d2053	3	Moderated	23
2017-09-12T16:26:48.073Z	Apk1TbOaqF	2017-09-12T16:26:48.073Z	43719b7c983f3578	1	Speedy	51
2017-09-12T16:26:48.236Z	8lazGyviOV	2017-09-12T16:26:48.236Z	43719b7c983f3578	2	Crowded	51
2017-09-12T16:26:48.396Z	gHrPcrLTX8	2017-09-12T16:26:48.396Z	43719b7c983f3578	3	Slow-moving	51
2017-09-13T10:04:54.059Z	aDqPhGWlk6	2017-09-13T10:04:54.059Z	14571aeb92ef00fd	15	Moderated	11
2017-09-13T11:51:01.949Z	C7UeNAveBp	2017-09-13T11:51:01.949Z	ce37e35d0ddb2ce8	1	Moderated	57
2017-09-13T12:24:08.950Z	16ZhEFfeAH	2017-09-13T12:24:08.950Z	ce37e35d0ddb2ce8	1	Moderated	58
2017-09-13T15:16:43.162Z	MFXIIP9uZU	2017-09-13T15:16:43.162Z	1adf6bdbbb6f317b	9	test max	7
2017-09-13T19:00:38.708Z	n7sJdmfQYJ	2017-09-13T19:00:38.708Z	1adf6bdbbb6f317b	10	Schnell	9
2017-09-14T14:02:55.193Z	OiyLxsQzF5	2017-09-14T14:02:55.193Z	8449b1811700bd63	1	rainy	2
2017-09-14T14:02:59.842Z	sQrOcguVBn	2017-09-14T14:02:59.842Z	8449b1811700bd63	2	Moderated	2
2017-09-15T07:03:22.642Z	Y8iSaBSVJb	2017-09-15T07:03:22.642Z	43719b7c983f3578	1	"alone "	55
2017-09-15T07:03:22.786Z	7FEdYNm5Xm	2017-09-15T07:03:22.786Z	43719b7c983f3578	2	windy	55
2017-09-15T07:03:22.930Z	Ih63DkZoBq	2017-09-15T07:03:22.930Z	43719b7c983f3578	3	Fast	55
2017-09-15T07:03:37.234Z	eg9rPTk4OE	2017-09-15T07:03:37.234Z	43719b7c983f3578	4	Speedy	56
2017-09-15T07:03:37.397Z	v8FPBW1UPZ	2017-09-15T07:03:37.397Z	43719b7c983f3578	5	Light	56
2017-09-15T07:03:37.624Z	mOMALmRYuy	2017-09-15T07:03:37.624Z	43719b7c983f3578	6	Fast	56
2017-09-15T15:33:11.107Z	kHE9a010aB	2017-09-15T15:33:11.107Z	ce37e35d0ddb2ce8	1	Enough	62
2017-09-15T15:33:11.240Z	F5HY8d4UTc	2017-09-15T15:33:11.240Z	ce37e35d0ddb2ce8	2	Normal	62
2017-09-15T15:33:11.384Z	JRwaUsrUKg	2017-09-15T15:33:11.384Z	ce37e35d0ddb2ce8	3	Fast	62
2017-09-15T16:27:14.326Z	yj0wRyJMYY	2017-09-15T16:27:14.326Z	f9a799097f8dd185	1	Average	3
2017-09-15T16:27:14.510Z	0bkRSnhb4c	2017-09-15T16:27:14.510Z	f9a799097f8dd185	2	Normal	3
2017-09-15T16:27:14.691Z	ZXV8ghoEy7	2017-09-15T16:27:14.691Z	f9a799097f8dd185	3	Moderated	3
2017-09-16T08:06:37.235Z	EcXjnXOdux	2017-09-16T08:06:37.235Z	14571aeb92ef00fd	16	Light	13
2017-09-16T08:06:37.963Z	rA5TdnzgZ1	2017-09-16T08:06:37.963Z	14571aeb92ef00fd	17	Relaxed	13
2017-09-16T09:04:13.989Z	mS0XQtGUbr	2017-09-16T09:04:13.989Z	580e8671042d7e43	1	Überfüllt	4
2017-09-16T09:04:14.198Z	SOnqTxhRXK	2017-09-16T09:04:14.198Z	580e8671042d7e43	2	Mäßig	4
2017-09-16T09:52:06.151Z	E6laaWo8SA	2017-09-16T09:52:06.151Z	580e8671042d7e43	3	Angemessen	5
2017-09-16T09:52:06.439Z	utEs05u999	2017-09-16T09:52:06.439Z	580e8671042d7e43	4	Mäßig	5
2017-09-16T12:36:59.353Z	vdy96BWYzb	2017-09-16T12:36:59.353Z	8449b1811700bd63	3	"interrupted "	3
2017-09-16T12:36:59.482Z	WYGWvakNXQ	2017-09-16T12:36:59.482Z	8449b1811700bd63	4	Relaxed	3
2017-09-16T12:55:51.571Z	fiIuayRkje	2017-09-16T12:55:51.571Z	14571aeb92ef00fd	18	Normal	14
2017-09-16T12:55:51.940Z	GRMsE5Xt8W	2017-09-16T12:55:51.940Z	14571aeb92ef00fd	19	Moderated	14
2017-09-16T18:39:56.501Z	rdzDls0kOy	2017-09-16T18:39:56.501Z	43719b7c983f3578	7	Efficient	57
2017-09-16T18:39:56.790Z	tQHtYfQJO7	2017-09-16T18:39:56.790Z	43719b7c983f3578	8	sunny	57
2017-09-16T18:39:57.147Z	WopTKHKTRU	2017-09-16T18:39:57.147Z	43719b7c983f3578	9	lovely	57
2017-09-16T18:40:11.211Z	ilLQh97Aub	2017-09-16T18:40:11.211Z	ce37e35d0ddb2ce8	4	Efficient	64
2017-09-16T18:40:11.429Z	0N5d0YBYKE	2017-09-16T18:40:11.429Z	ce37e35d0ddb2ce8	5	Normal	64
2017-09-16T18:40:11.699Z	3Rgutynfbf	2017-09-16T18:40:11.699Z	ce37e35d0ddb2ce8	6	Fast	64
2017-09-16T18:41:26.241Z	sSXxxGq1QY	2017-09-16T18:41:26.241Z	ce37e35d0ddb2ce8	7	Fast	65
2017-09-17T09:43:07.160Z	11L0lyEHpI	2017-09-17T09:43:07.160Z	8449b1811700bd63	5	Fast	6
2017-09-17T13:21:41.389Z	STqGe4ViJD	2017-09-17T13:21:41.389Z	f9a799097f8dd185	4	Speedy	5
2017-09-17T13:21:41.557Z	FAISzhIB8K	2017-09-17T13:21:41.557Z	f9a799097f8dd185	5	Normal	5
2017-09-17T13:21:41.726Z	AETIXFC5lU	2017-09-17T13:21:41.726Z	f9a799097f8dd185	6	Moderated	5
2017-09-17T13:44:10.920Z	Pdt9z31IdJ	2017-09-17T13:44:10.920Z	158fada61da39e8d	1	Durchschnittlich	1
2017-09-17T13:44:11.162Z	Oq48MphvZv	2017-09-17T13:44:11.162Z	158fada61da39e8d	2	Flott	1
2017-09-17T13:44:11.410Z	6RrHx7Suju	2017-09-17T13:44:11.410Z	158fada61da39e8d	3	Mäßig	1
2017-09-17T16:43:46.206Z	HzAjnMM03A	2017-09-17T16:43:46.206Z	8449b1811700bd63	6	Relaxed	7
2017-09-17T17:16:43.235Z	m3fCzPzYkN	2017-09-17T17:16:43.235Z	158fada61da39e8d	4	Durchschnittlich	2
2017-09-17T17:16:43.417Z	HNCJGn1ptP	2017-09-17T17:16:43.417Z	158fada61da39e8d	5	Flott	2
2017-09-17T17:16:43.597Z	D4Bw1V66yt	2017-09-17T17:16:43.597Z	158fada61da39e8d	6	Sicher	2
2017-09-17T20:01:53.534Z	knnCesJBMp	2017-09-17T20:01:53.534Z	43719b7c983f3578	10	pleasant	57
2017-09-17T20:01:53.747Z	TNcmZNO4VZ	2017-09-17T20:01:53.747Z	43719b7c983f3578	11	Light	57
2017-09-17T20:01:53.967Z	kQhU8TOy5J	2017-09-17T20:01:53.967Z	43719b7c983f3578	12	calmed	57
2017-09-17T20:02:34.098Z	gTqg68WCY2	2017-09-17T20:02:34.098Z	43719b7c983f3578	13	Normal	57
2017-09-17T20:02:34.307Z	mLASGhJOOu	2017-09-17T20:02:34.307Z	43719b7c983f3578	14	efficient	57
2017-09-17T20:28:22.020Z	rQ4xfa5y2C	2017-09-17T20:28:22.020Z	43719b7c983f3578	15	Sheltered	58
2017-09-17T20:28:23.509Z	bImr2eXHeP	2017-09-17T20:28:23.509Z	43719b7c983f3578	16	Worthy	58
2017-09-17T20:28:24.844Z	meOEt7ipva	2017-09-17T20:28:24.844Z	43719b7c983f3578	17	"hilly "	58
2017-09-18T07:03:57.125Z	XPYJuJqwt5	2017-09-18T07:03:57.125Z	b9508c016f700eea	1	mountain bike	3
2017-09-18T07:03:57.257Z	EagFBRMJJ1	2017-09-18T07:03:57.257Z	b9508c016f700eea	2	Veloz	3
2017-09-18T08:47:46.736Z	QIAQOPkUFr	2017-09-18T08:47:46.736Z	8449b1811700bd63	7	rainy	8
2017-09-18T08:47:46.907Z	TCAVxGpJHR	2017-09-18T08:47:46.907Z	8449b1811700bd63	8	Fast	8
2017-09-18T08:52:52.408Z	JmgkweVXpL	2017-09-18T08:52:52.408Z	43719b7c983f3578	18	Light	59
2017-09-18T08:52:52.636Z	gFQl3DJbi2	2017-09-18T08:52:52.636Z	43719b7c983f3578	19	Fast	59
2017-09-18T19:42:19.532Z	daINPdw9iy	2017-09-18T19:42:19.532Z	14571aeb92ef00fd	20	Normal	15
2017-09-18T19:42:19.678Z	UyD1U25KJi	2017-09-18T19:42:19.678Z	14571aeb92ef00fd	21	Moderated	15
2017-09-18T19:42:26.691Z	RLWtq4AGFj	2017-09-18T19:42:26.691Z	14571aeb92ef00fd	20	Brake-intensive	15
2017-09-18T19:42:26.839Z	EuF2c9PnD2	2017-09-18T19:42:26.839Z	14571aeb92ef00fd	21	Risky	15
2017-09-18T19:42:26.980Z	k7DdFzaaYf	2017-09-18T19:42:26.980Z	14571aeb92ef00fd	22	Slow-moving	15
2017-09-19T08:20:50.437Z	u71Y5GsCIx	2017-09-19T08:20:50.437Z	f9a799097f8dd185	7	Speedy	6
2017-09-19T08:20:50.609Z	BntUWy7y53	2017-09-19T08:20:50.609Z	f9a799097f8dd185	8	Quick	6
2017-09-19T08:20:50.787Z	ubLoBt0HHy	2017-09-19T08:20:50.787Z	f9a799097f8dd185	9	Moderated	6
2017-09-19T10:44:15.099Z	PMo2WDg7xX	2017-09-19T10:44:15.099Z	8449b1811700bd63	9	Dull	10
2017-09-19T11:48:51.959Z	h55hbpJb20	2017-09-19T11:48:51.959Z	43719b7c983f3578	18	New tag	61
2017-09-19T11:48:52.443Z	VxcRCAMmAy	2017-09-19T11:48:52.443Z	43719b7c983f3578	19	Quick	61
2017-09-19T11:48:52.624Z	OcFbOfRk2y	2017-09-19T11:48:52.624Z	43719b7c983f3578	20	Fast	61
2017-09-19T14:49:38.566Z	2BNXsDYUK8	2017-09-19T14:49:38.566Z	f9a799097f8dd185	10	Speedy	8
2017-09-19T14:49:38.768Z	FLHIpiBuwe	2017-09-19T14:49:38.768Z	f9a799097f8dd185	11	Quick	8
2017-09-19T14:49:38.940Z	4tPla1aGcs	2017-09-19T14:49:38.940Z	f9a799097f8dd185	12	Fast	8
2017-09-19T16:47:53.946Z	GLV0r0BvCO	2017-09-19T16:47:53.946Z	f9a799097f8dd185	13	Efficient	9
2017-09-19T16:47:54.148Z	N0kCZEvPdF	2017-09-19T16:47:54.148Z	f9a799097f8dd185	14	Light	9
2017-09-19T16:47:54.338Z	efGYw78oU7	2017-09-19T16:47:54.338Z	f9a799097f8dd185	15	Moderated	9
2017-09-19T19:04:38.975Z	O6dIvMIOpc	2017-09-19T19:04:38.975Z	14571aeb92ef00fd	22	Normal	17
2017-09-19T19:04:39.121Z	J4WETBqblJ	2017-09-19T19:04:39.121Z	14571aeb92ef00fd	23	Safe	17
2017-09-19T19:18:39.685Z	Niu7zJpzUR	2017-09-19T19:18:39.685Z	43719b7c983f3578	18	Light	62
2017-09-19T19:18:39.835Z	knDbRpUZ5I	2017-09-19T19:18:39.835Z	43719b7c983f3578	19	Fast	62
2017-09-19T20:39:15.429Z	vyYOsoZjwo	2017-09-19T20:39:15.429Z	ce37e35d0ddb2ce8	8	Light	67
2017-09-19T20:39:15.610Z	3TkJNDgxPC	2017-09-19T20:39:15.610Z	ce37e35d0ddb2ce8	9	Fast	67
2017-09-19T20:39:25.667Z	YaqiJ6hHz2	2017-09-19T20:39:25.667Z	ce37e35d0ddb2ce8	8	Light	67
2017-09-19T20:39:25.834Z	UHTNTKAAr0	2017-09-19T20:39:25.834Z	ce37e35d0ddb2ce8	9	Fast	67
2017-09-19T20:39:26.908Z	calTqjtY2S	2017-09-19T20:39:26.908Z	ce37e35d0ddb2ce8	10	Light	68
2017-09-19T20:39:27.067Z	Cj7ETCHhFX	2017-09-19T20:39:27.067Z	ce37e35d0ddb2ce8	11	Moderated	68
2017-09-20T06:58:28.660Z	1Jz7pkISXY	2017-09-20T06:58:28.660Z	6a5ed68cb3581305	1	Entspannt	6
2017-09-20T07:30:11.815Z	5IlS6tKGe4	2017-09-20T07:30:11.815Z	43719b7c983f3578	18	Light	63
2017-09-20T07:30:12.075Z	BnXXGMamOx	2017-09-20T07:30:12.075Z	43719b7c983f3578	19	Fast	63
2017-09-20T15:00:24.800Z	7q60OuE7Hj	2017-09-20T15:00:24.800Z	8449b1811700bd63	10	Quick	12
2017-09-20T15:00:25.006Z	PK2l50HDId	2017-09-20T15:00:25.006Z	8449b1811700bd63	11	Safe	12
2017-09-21T06:08:28.661Z	SiqLG6jPQP	2017-09-21T06:08:28.661Z	e38875a892ad09ae	1	Langsam	1
2017-09-21T08:57:30.433Z	FlTb1liA2F	2017-09-21T08:57:30.433Z	8449b1811700bd63	12	Dull	13
2017-09-21T12:17:17.111Z	5SmC555DvM	2017-09-21T12:17:17.111Z	677751866a44e3e4	1	Enough	5
2017-09-21T12:17:17.290Z	SXriXdrMIB	2017-09-21T12:17:17.290Z	677751866a44e3e4	2	Normal	5
2017-09-21T12:17:17.444Z	wQgo3EQizM	2017-09-21T12:17:17.444Z	677751866a44e3e4	3	Moderated	5
2017-09-22T13:58:35.406Z	mu4hodvHSh	2017-09-22T13:58:35.406Z	e9236012d1f3b712	1	Moderated	1
2017-09-22T13:58:55.576Z	sTVbM7GhR3	2017-09-22T13:58:55.576Z	e9236012d1f3b712	1	Dangerous	1
2017-09-22T14:06:23.875Z	TIjes4Y1Hj	2017-09-22T14:06:23.875Z	e9236012d1f3b712	1	Fast	2
2017-09-22T16:36:55.286Z	dUq98XFwhE	2017-09-22T16:36:55.286Z	e38875a892ad09ae	1	Schnell	2
2017-09-25T13:52:20.602Z	GedyCSyopE	2017-09-25T13:52:20.602Z	fe0df20f83b53497	1	Schnell	3
2017-09-26T08:41:45.394Z	tPla3aVCsH	2017-09-26T08:41:45.394Z	43719b7c983f3578	20	Time-consuming	65
2017-09-26T08:41:45.544Z	wdA0Fnxgdi	2017-09-26T08:41:45.544Z	43719b7c983f3578	21	Moderated	65
2017-09-26T10:33:14.004Z	0aF0c46v1p	2017-09-26T10:33:14.004Z	fe0df20f83b53497	1	Gewagt	4
2017-10-02T12:01:10.344Z	xUcBcOntMs	2017-10-02T12:01:10.344Z	158fada61da39e8d	4	Effizient	3
2017-10-02T12:01:10.504Z	mP8r09Hkhb	2017-10-02T12:01:10.504Z	158fada61da39e8d	5	Riskant	3
2017-10-02T12:01:10.657Z	y09MQ5gFeC	2017-10-02T12:01:10.657Z	158fada61da39e8d	6	Schnell	3
2017-10-03T17:41:47.344Z	gEaQjIAbRR	2017-10-03T17:41:47.344Z	f9a799097f8dd185	16	Average	10
2017-10-03T17:41:47.527Z	KgrmByElZy	2017-10-03T17:41:47.527Z	f9a799097f8dd185	17	Normal	10
2017-10-03T17:41:47.697Z	c9tpXeoWKC	2017-10-03T17:41:47.697Z	f9a799097f8dd185	18	Fast	10
2017-10-10T19:36:04.857Z	ZzF3OsHOQg	2017-10-10T19:36:04.857Z	43719b7c983f3578	20	Light	72
2017-10-10T19:36:05.042Z	P4KqqfpfJ0	2017-10-10T19:36:05.042Z	43719b7c983f3578	21	Fast	72
2017-10-13T15:40:14.431Z	lHdZWbDtON	2017-10-13T15:40:14.431Z	cbbf4071656e393e	1	Normal	1
2017-10-13T15:40:14.661Z	4pyk1ghgQL	2017-10-13T15:40:14.661Z	cbbf4071656e393e	2	Moderated	1
